sentence_id,token,label
0,It's,O
0,hard,O
0,to,O
0,deal,O
0,with,O
0,restlessness,B-SYMPTOM
1,I,O
1,have,O
1,been,O
1,experiencing,O
1,nervousness,B-SYMPTOM
1,lately,O
2,Recently,O
2,I,O
2,feel,O
2,low,B-SYMPTOM
2,self-esteem,I-SYMPTOM
2,and,O
2,it,O
2,affects,O
2,my,O
2,daily,O
2,life,O
3,social,B-SYMPTOM
3,withdrawal,I-SYMPTOM
3,is,O
3,ruining,O
3,my,O
3,focus,O
3,and,O
3,peace,O
4,obsessive,B-SYMPTOM
4,thoughts,I-SYMPTOM
4,is,O
4,ruining,O
4,my,O
4,focus,O
4,and,O
4,peace,O
5,I,O
5,think,O
5,I,O
5,have,O
5,restlessness,B-SYMPTOM
5,and,O
5,it's,O
5,getting,O
5,worse,O
6,delusions,B-SYMPTOM
6,is,O
6,ruining,O
6,my,O
6,focus,O
6,and,O
6,peace,O
7,I,O
7,can't,O
7,sleep,O
7,because,O
7,of,O
7,insomnia,B-SYMPTOM
8,Sometimes,O
8,I,O
8,suffer,O
8,from,O
8,delusions,B-SYMPTOM
9,Recently,O
9,I,O
9,feel,O
9,trouble,B-SYMPTOM
9,sleeping,I-SYMPTOM
9,and,O
9,it,O
9,affects,O
9,my,O
9,daily,O
9,life,O
10,My,O
10,doctor,O
10,said,O
10,it,O
10,could,O
10,be,O
10,depression,B-SYMPTOM
11,My,O
11,doctor,O
11,said,O
11,it,O
11,could,O
11,be,O
11,insomnia,B-SYMPTOM
12,Sometimes,O
12,I,O
12,suffer,O
12,from,O
12,social,B-SYMPTOM
12,withdrawal,I-SYMPTOM
13,I,O
13,can't,O
13,sleep,O
13,because,O
13,of,O
13,restlessness,B-SYMPTOM
14,delusions,B-SYMPTOM
14,is,O
14,ruining,O
14,my,O
14,focus,O
14,and,O
14,peace,O
15,Sometimes,O
15,I,O
15,suffer,O
15,from,O
15,hallucinations,B-SYMPTOM
16,I,O
16,can't,O
16,sleep,O
16,because,O
16,of,O
16,restlessness,B-SYMPTOM
17,I,O
17,have,O
17,been,O
17,experiencing,O
17,delusions,B-SYMPTOM
17,lately,O
18,The,O
18,constant,O
18,feeling,O
18,of,O
18,nervousness,B-SYMPTOM
18,is,O
18,overwhelming,O
19,Sometimes,O
19,I,O
19,suffer,O
19,from,O
19,obsessive,B-SYMPTOM
19,thoughts,I-SYMPTOM
20,I,O
20,can't,O
20,sleep,O
20,because,O
20,of,O
20,hallucinations,B-SYMPTOM
21,Sometimes,O
21,I,O
21,suffer,O
21,from,O
21,delusions,B-SYMPTOM
22,I,O
22,think,O
22,I,O
22,have,O
22,anxiety,B-SYMPTOM
22,and,O
22,it's,O
22,getting,O
22,worse,O
23,I,O
23,think,O
23,I,O
23,have,O
23,depression,B-SYMPTOM
23,and,O
23,it's,O
23,getting,O
23,worse,O
24,Recently,O
24,I,O
24,feel,O
24,fatigue,B-SYMPTOM
24,and,O
24,it,O
24,affects,O
24,my,O
24,daily,O
24,life,O
25,My,O
25,doctor,O
25,said,O
25,it,O
25,could,O
25,be,O
25,irritability,B-SYMPTOM
26,Recently,O
26,I,O
26,feel,O
26,low,B-SYMPTOM
26,self-esteem,I-SYMPTOM
26,and,O
26,it,O
26,affects,O
26,my,O
26,daily,O
26,life,O
27,The,O
27,constant,O
27,feeling,O
27,of,O
27,paranoia,B-SYMPTOM
27,is,O
27,overwhelming,O
28,My,O
28,doctor,O
28,said,O
28,it,O
28,could,O
28,be,O
28,compulsive,B-SYMPTOM
28,behavior,I-SYMPTOM
29,I,O
29,have,O
29,been,O
29,experiencing,O
29,anxiety,B-SYMPTOM
29,lately,O
30,Sometimes,O
30,I,O
30,suffer,O
30,from,O
30,fatigue,B-SYMPTOM
31,Living,O
31,with,O
31,fatigue,B-SYMPTOM
31,is,O
31,exhausting,O
32,My,O
32,doctor,O
32,said,O
32,it,O
32,could,O
32,be,O
32,compulsive,B-SYMPTOM
32,behavior,I-SYMPTOM
33,Sometimes,O
33,I,O
33,suffer,O
33,from,O
33,paranoia,B-SYMPTOM
34,I,O
34,think,O
34,I,O
34,have,O
34,low,B-SYMPTOM
34,self-esteem,I-SYMPTOM
34,and,O
34,it's,O
34,getting,O
34,worse,O
35,I,O
35,have,O
35,been,O
35,experiencing,O
35,mood,B-SYMPTOM
35,swings,I-SYMPTOM
35,lately,O
36,It's,O
36,hard,O
36,to,O
36,deal,O
36,with,O
36,paranoia,B-SYMPTOM
37,Living,O
37,with,O
37,obsessive,B-SYMPTOM
37,thoughts,I-SYMPTOM
37,is,O
37,exhausting,O
38,Living,O
38,with,O
38,insomnia,B-SYMPTOM
38,is,O
38,exhausting,O
39,Sometimes,O
39,I,O
39,suffer,O
39,from,O
39,compulsive,B-SYMPTOM
39,behavior,I-SYMPTOM
40,Sometimes,O
40,I,O
40,suffer,O
40,from,O
40,restlessness,B-SYMPTOM
41,trouble,B-SYMPTOM
41,sleeping,I-SYMPTOM
41,is,O
41,ruining,O
41,my,O
41,focus,O
41,and,O
41,peace,O
42,It's,O
42,hard,O
42,to,O
42,deal,O
42,with,O
42,panic,B-SYMPTOM
42,attacks,I-SYMPTOM
43,I,O
43,can't,O
43,sleep,O
43,because,O
43,of,O
43,mood,B-SYMPTOM
43,swings,I-SYMPTOM
44,My,O
44,doctor,O
44,said,O
44,it,O
44,could,O
44,be,O
44,fear,B-SYMPTOM
45,The,O
45,constant,O
45,feeling,O
45,of,O
45,obsessive,B-SYMPTOM
45,thoughts,I-SYMPTOM
45,is,O
45,overwhelming,O
46,I,O
46,think,O
46,I,O
46,have,O
46,paranoia,B-SYMPTOM
46,and,O
46,it's,O
46,getting,O
46,worse,O
47,I,O
47,think,O
47,I,O
47,have,O
47,low,B-SYMPTOM
47,self-esteem,I-SYMPTOM
47,and,O
47,it's,O
47,getting,O
47,worse,O
48,It's,O
48,hard,O
48,to,O
48,deal,O
48,with,O
48,low,B-SYMPTOM
48,self-esteem,I-SYMPTOM
49,The,O
49,constant,O
49,feeling,O
49,of,O
49,irritability,B-SYMPTOM
49,is,O
49,overwhelming,O
50,I,O
50,have,O
50,been,O
50,experiencing,O
50,anxiety,B-SYMPTOM
50,lately,O
51,The,O
51,constant,O
51,feeling,O
51,of,O
51,fear,B-SYMPTOM
51,is,O
51,overwhelming,O
52,My,O
52,doctor,O
52,said,O
52,it,O
52,could,O
52,be,O
52,insomnia,B-SYMPTOM
53,Sometimes,O
53,I,O
53,suffer,O
53,from,O
53,panic,B-SYMPTOM
53,attacks,I-SYMPTOM
54,My,O
54,doctor,O
54,said,O
54,it,O
54,could,O
54,be,O
54,panic,B-SYMPTOM
54,attacks,I-SYMPTOM
55,Sometimes,O
55,I,O
55,suffer,O
55,from,O
55,fear,B-SYMPTOM
56,Recently,O
56,I,O
56,feel,O
56,fatigue,B-SYMPTOM
56,and,O
56,it,O
56,affects,O
56,my,O
56,daily,O
56,life,O
57,It's,O
57,hard,O
57,to,O
57,deal,O
57,with,O
57,irritability,B-SYMPTOM
58,Sometimes,O
58,I,O
58,suffer,O
58,from,O
58,anxiety,B-SYMPTOM
59,Sometimes,O
59,I,O
59,suffer,O
59,from,O
59,low,B-SYMPTOM
59,self-esteem,I-SYMPTOM
60,My,O
60,doctor,O
60,said,O
60,it,O
60,could,O
60,be,O
60,restlessness,B-SYMPTOM
61,irritability,B-SYMPTOM
61,is,O
61,ruining,O
61,my,O
61,focus,O
61,and,O
61,peace,O
62,I,O
62,have,O
62,been,O
62,experiencing,O
62,irritability,B-SYMPTOM
62,lately,O
63,The,O
63,constant,O
63,feeling,O
63,of,O
63,delusions,B-SYMPTOM
63,is,O
63,overwhelming,O
64,It's,O
64,hard,O
64,to,O
64,deal,O
64,with,O
64,insomnia,B-SYMPTOM
65,irritability,B-SYMPTOM
65,is,O
65,ruining,O
65,my,O
65,focus,O
65,and,O
65,peace,O
66,I,O
66,think,O
66,I,O
66,have,O
66,paranoia,B-SYMPTOM
66,and,O
66,it's,O
66,getting,O
66,worse,O
67,I,O
67,have,O
67,been,O
67,experiencing,O
67,restlessness,B-SYMPTOM
67,lately,O
68,The,O
68,constant,O
68,feeling,O
68,of,O
68,fear,B-SYMPTOM
68,is,O
68,overwhelming,O
69,My,O
69,doctor,O
69,said,O
69,it,O
69,could,O
69,be,O
69,mood,B-SYMPTOM
69,swings,I-SYMPTOM
70,I,O
70,can't,O
70,sleep,O
70,because,O
70,of,O
70,irritability,B-SYMPTOM
71,Living,O
71,with,O
71,mood,B-SYMPTOM
71,swings,I-SYMPTOM
71,is,O
71,exhausting,O
72,I,O
72,can't,O
72,sleep,O
72,because,O
72,of,O
72,depression,B-SYMPTOM
73,I,O
73,have,O
73,been,O
73,experiencing,O
73,mood,B-SYMPTOM
73,swings,I-SYMPTOM
73,lately,O
74,The,O
74,constant,O
74,feeling,O
74,of,O
74,obsessive,B-SYMPTOM
74,thoughts,I-SYMPTOM
74,is,O
74,overwhelming,O
75,Sometimes,O
75,I,O
75,suffer,O
75,from,O
75,low,B-SYMPTOM
75,self-esteem,I-SYMPTOM
76,Living,O
76,with,O
76,obsessive,B-SYMPTOM
76,thoughts,I-SYMPTOM
76,is,O
76,exhausting,O
77,The,O
77,constant,O
77,feeling,O
77,of,O
77,nervousness,B-SYMPTOM
77,is,O
77,overwhelming,O
78,I,O
78,have,O
78,been,O
78,experiencing,O
78,paranoia,B-SYMPTOM
78,lately,O
79,I,O
79,think,O
79,I,O
79,have,O
79,panic,B-SYMPTOM
79,attacks,I-SYMPTOM
79,and,O
79,it's,O
79,getting,O
79,worse,O
80,The,O
80,constant,O
80,feeling,O
80,of,O
80,fatigue,B-SYMPTOM
80,is,O
80,overwhelming,O
81,The,O
81,constant,O
81,feeling,O
81,of,O
81,paranoia,B-SYMPTOM
81,is,O
81,overwhelming,O
82,It's,O
82,hard,O
82,to,O
82,deal,O
82,with,O
82,trouble,B-SYMPTOM
82,sleeping,I-SYMPTOM
83,The,O
83,constant,O
83,feeling,O
83,of,O
83,nervousness,B-SYMPTOM
83,is,O
83,overwhelming,O
84,The,O
84,constant,O
84,feeling,O
84,of,O
84,anxiety,B-SYMPTOM
84,is,O
84,overwhelming,O
85,I,O
85,think,O
85,I,O
85,have,O
85,mood,B-SYMPTOM
85,swings,I-SYMPTOM
85,and,O
85,it's,O
85,getting,O
85,worse,O
86,My,O
86,doctor,O
86,said,O
86,it,O
86,could,O
86,be,O
86,anxiety,B-SYMPTOM
87,low,B-SYMPTOM
87,self-esteem,I-SYMPTOM
87,is,O
87,ruining,O
87,my,O
87,focus,O
87,and,O
87,peace,O
88,Sometimes,O
88,I,O
88,suffer,O
88,from,O
88,delusions,B-SYMPTOM
89,Recently,O
89,I,O
89,feel,O
89,fatigue,B-SYMPTOM
89,and,O
89,it,O
89,affects,O
89,my,O
89,daily,O
89,life,O
90,I,O
90,think,O
90,I,O
90,have,O
90,delusions,B-SYMPTOM
90,and,O
90,it's,O
90,getting,O
90,worse,O
91,My,O
91,doctor,O
91,said,O
91,it,O
91,could,O
91,be,O
91,insomnia,B-SYMPTOM
92,It's,O
92,hard,O
92,to,O
92,deal,O
92,with,O
92,social,B-SYMPTOM
92,withdrawal,I-SYMPTOM
93,My,O
93,doctor,O
93,said,O
93,it,O
93,could,O
93,be,O
93,compulsive,B-SYMPTOM
93,behavior,I-SYMPTOM
94,I,O
94,have,O
94,been,O
94,experiencing,O
94,trouble,B-SYMPTOM
94,sleeping,I-SYMPTOM
94,lately,O
95,depression,B-SYMPTOM
95,is,O
95,ruining,O
95,my,O
95,focus,O
95,and,O
95,peace,O
96,restlessness,B-SYMPTOM
96,is,O
96,ruining,O
96,my,O
96,focus,O
96,and,O
96,peace,O
97,Living,O
97,with,O
97,restlessness,B-SYMPTOM
97,is,O
97,exhausting,O
98,paranoia,B-SYMPTOM
98,is,O
98,ruining,O
98,my,O
98,focus,O
98,and,O
98,peace,O
99,I,O
99,can't,O
99,sleep,O
99,because,O
99,of,O
99,fatigue,B-SYMPTOM
100,Recently,O
100,I,O
100,feel,O
100,restlessness,B-SYMPTOM
100,and,O
100,it,O
100,affects,O
100,my,O
100,daily,O
100,life,O
101,Recently,O
101,I,O
101,feel,O
101,mood,B-SYMPTOM
101,swings,I-SYMPTOM
101,and,O
101,it,O
101,affects,O
101,my,O
101,daily,O
101,life,O
102,I,O
102,think,O
102,I,O
102,have,O
102,social,B-SYMPTOM
102,withdrawal,I-SYMPTOM
102,and,O
102,it's,O
102,getting,O
102,worse,O
103,Sometimes,O
103,I,O
103,suffer,O
103,from,O
103,paranoia,B-SYMPTOM
104,Recently,O
104,I,O
104,feel,O
104,panic,B-SYMPTOM
104,attacks,I-SYMPTOM
104,and,O
104,it,O
104,affects,O
104,my,O
104,daily,O
104,life,O
105,The,O
105,constant,O
105,feeling,O
105,of,O
105,compulsive,B-SYMPTOM
105,behavior,I-SYMPTOM
105,is,O
105,overwhelming,O
106,I,O
106,can't,O
106,sleep,O
106,because,O
106,of,O
106,fatigue,B-SYMPTOM
107,depression,B-SYMPTOM
107,is,O
107,ruining,O
107,my,O
107,focus,O
107,and,O
107,peace,O
108,obsessive,B-SYMPTOM
108,thoughts,I-SYMPTOM
108,is,O
108,ruining,O
108,my,O
108,focus,O
108,and,O
108,peace,O
109,The,O
109,constant,O
109,feeling,O
109,of,O
109,compulsive,B-SYMPTOM
109,behavior,I-SYMPTOM
109,is,O
109,overwhelming,O
110,I,O
110,think,O
110,I,O
110,have,O
110,depression,B-SYMPTOM
110,and,O
110,it's,O
110,getting,O
110,worse,O
111,I,O
111,have,O
111,been,O
111,experiencing,O
111,compulsive,B-SYMPTOM
111,behavior,I-SYMPTOM
111,lately,O
112,My,O
112,doctor,O
112,said,O
112,it,O
112,could,O
112,be,O
112,compulsive,B-SYMPTOM
112,behavior,I-SYMPTOM
113,My,O
113,doctor,O
113,said,O
113,it,O
113,could,O
113,be,O
113,restlessness,B-SYMPTOM
114,I,O
114,think,O
114,I,O
114,have,O
114,low,B-SYMPTOM
114,self-esteem,I-SYMPTOM
114,and,O
114,it's,O
114,getting,O
114,worse,O
115,Recently,O
115,I,O
115,feel,O
115,mood,B-SYMPTOM
115,swings,I-SYMPTOM
115,and,O
115,it,O
115,affects,O
115,my,O
115,daily,O
115,life,O
116,Living,O
116,with,O
116,mood,B-SYMPTOM
116,swings,I-SYMPTOM
116,is,O
116,exhausting,O
117,Recently,O
117,I,O
117,feel,O
117,irritability,B-SYMPTOM
117,and,O
117,it,O
117,affects,O
117,my,O
117,daily,O
117,life,O
118,Living,O
118,with,O
118,social,B-SYMPTOM
118,withdrawal,I-SYMPTOM
118,is,O
118,exhausting,O
119,nervousness,B-SYMPTOM
119,is,O
119,ruining,O
119,my,O
119,focus,O
119,and,O
119,peace,O
120,Sometimes,O
120,I,O
120,suffer,O
120,from,O
120,panic,B-SYMPTOM
120,attacks,I-SYMPTOM
121,I,O
121,have,O
121,been,O
121,experiencing,O
121,insomnia,B-SYMPTOM
121,lately,O
122,obsessive,B-SYMPTOM
122,thoughts,I-SYMPTOM
122,is,O
122,ruining,O
122,my,O
122,focus,O
122,and,O
122,peace,O
123,The,O
123,constant,O
123,feeling,O
123,of,O
123,anxiety,B-SYMPTOM
123,is,O
123,overwhelming,O
124,It's,O
124,hard,O
124,to,O
124,deal,O
124,with,O
124,anxiety,B-SYMPTOM
125,Recently,O
125,I,O
125,feel,O
125,hallucinations,B-SYMPTOM
125,and,O
125,it,O
125,affects,O
125,my,O
125,daily,O
125,life,O
126,hallucinations,B-SYMPTOM
126,is,O
126,ruining,O
126,my,O
126,focus,O
126,and,O
126,peace,O
127,fear,B-SYMPTOM
127,is,O
127,ruining,O
127,my,O
127,focus,O
127,and,O
127,peace,O
128,anxiety,B-SYMPTOM
128,is,O
128,ruining,O
128,my,O
128,focus,O
128,and,O
128,peace,O
129,fatigue,B-SYMPTOM
129,is,O
129,ruining,O
129,my,O
129,focus,O
129,and,O
129,peace,O
130,My,O
130,doctor,O
130,said,O
130,it,O
130,could,O
130,be,O
130,hallucinations,B-SYMPTOM
131,It's,O
131,hard,O
131,to,O
131,deal,O
131,with,O
131,mood,B-SYMPTOM
131,swings,I-SYMPTOM
132,The,O
132,constant,O
132,feeling,O
132,of,O
132,fatigue,B-SYMPTOM
132,is,O
132,overwhelming,O
133,Recently,O
133,I,O
133,feel,O
133,fatigue,B-SYMPTOM
133,and,O
133,it,O
133,affects,O
133,my,O
133,daily,O
133,life,O
134,The,O
134,constant,O
134,feeling,O
134,of,O
134,depression,B-SYMPTOM
134,is,O
134,overwhelming,O
135,mood,B-SYMPTOM
135,swings,I-SYMPTOM
135,is,O
135,ruining,O
135,my,O
135,focus,O
135,and,O
135,peace,O
136,I,O
136,can't,O
136,sleep,O
136,because,O
136,of,O
136,obsessive,B-SYMPTOM
136,thoughts,I-SYMPTOM
137,My,O
137,doctor,O
137,said,O
137,it,O
137,could,O
137,be,O
137,compulsive,B-SYMPTOM
137,behavior,I-SYMPTOM
138,The,O
138,constant,O
138,feeling,O
138,of,O
138,obsessive,B-SYMPTOM
138,thoughts,I-SYMPTOM
138,is,O
138,overwhelming,O
139,It's,O
139,hard,O
139,to,O
139,deal,O
139,with,O
139,trouble,B-SYMPTOM
139,sleeping,I-SYMPTOM
140,My,O
140,doctor,O
140,said,O
140,it,O
140,could,O
140,be,O
140,fear,B-SYMPTOM
141,It's,O
141,hard,O
141,to,O
141,deal,O
141,with,O
141,nervousness,B-SYMPTOM
142,I,O
142,have,O
142,been,O
142,experiencing,O
142,mood,B-SYMPTOM
142,swings,I-SYMPTOM
142,lately,O
143,depression,B-SYMPTOM
143,is,O
143,ruining,O
143,my,O
143,focus,O
143,and,O
143,peace,O
144,Living,O
144,with,O
144,insomnia,B-SYMPTOM
144,is,O
144,exhausting,O
145,I,O
145,think,O
145,I,O
145,have,O
145,low,B-SYMPTOM
145,self-esteem,I-SYMPTOM
145,and,O
145,it's,O
145,getting,O
145,worse,O
146,I,O
146,can't,O
146,sleep,O
146,because,O
146,of,O
146,low,B-SYMPTOM
146,self-esteem,I-SYMPTOM
147,obsessive,B-SYMPTOM
147,thoughts,I-SYMPTOM
147,is,O
147,ruining,O
147,my,O
147,focus,O
147,and,O
147,peace,O
148,nervousness,B-SYMPTOM
148,is,O
148,ruining,O
148,my,O
148,focus,O
148,and,O
148,peace,O
149,I,O
149,can't,O
149,sleep,O
149,because,O
149,of,O
149,obsessive,B-SYMPTOM
149,thoughts,I-SYMPTOM
150,My,O
150,doctor,O
150,said,O
150,it,O
150,could,O
150,be,O
150,restlessness,B-SYMPTOM
151,I,O
151,can't,O
151,sleep,O
151,because,O
151,of,O
151,social,B-SYMPTOM
151,withdrawal,I-SYMPTOM
152,I,O
152,can't,O
152,sleep,O
152,because,O
152,of,O
152,nervousness,B-SYMPTOM
153,I,O
153,think,O
153,I,O
153,have,O
153,trouble,B-SYMPTOM
153,sleeping,I-SYMPTOM
153,and,O
153,it's,O
153,getting,O
153,worse,O
154,I,O
154,can't,O
154,sleep,O
154,because,O
154,of,O
154,anxiety,B-SYMPTOM
155,Living,O
155,with,O
155,mood,B-SYMPTOM
155,swings,I-SYMPTOM
155,is,O
155,exhausting,O
156,nervousness,B-SYMPTOM
156,is,O
156,ruining,O
156,my,O
156,focus,O
156,and,O
156,peace,O
157,Sometimes,O
157,I,O
157,suffer,O
157,from,O
157,restlessness,B-SYMPTOM
158,Living,O
158,with,O
158,depression,B-SYMPTOM
158,is,O
158,exhausting,O
159,Recently,O
159,I,O
159,feel,O
159,compulsive,B-SYMPTOM
159,behavior,I-SYMPTOM
159,and,O
159,it,O
159,affects,O
159,my,O
159,daily,O
159,life,O
160,Living,O
160,with,O
160,depression,B-SYMPTOM
160,is,O
160,exhausting,O
161,I,O
161,think,O
161,I,O
161,have,O
161,social,B-SYMPTOM
161,withdrawal,I-SYMPTOM
161,and,O
161,it's,O
161,getting,O
161,worse,O
162,Sometimes,O
162,I,O
162,suffer,O
162,from,O
162,delusions,B-SYMPTOM
163,The,O
163,constant,O
163,feeling,O
163,of,O
163,nervousness,B-SYMPTOM
163,is,O
163,overwhelming,O
164,Living,O
164,with,O
164,obsessive,B-SYMPTOM
164,thoughts,I-SYMPTOM
164,is,O
164,exhausting,O
165,Living,O
165,with,O
165,anxiety,B-SYMPTOM
165,is,O
165,exhausting,O
166,Recently,O
166,I,O
166,feel,O
166,nervousness,B-SYMPTOM
166,and,O
166,it,O
166,affects,O
166,my,O
166,daily,O
166,life,O
167,Living,O
167,with,O
167,irritability,B-SYMPTOM
167,is,O
167,exhausting,O
168,Living,O
168,with,O
168,hallucinations,B-SYMPTOM
168,is,O
168,exhausting,O
169,I,O
169,think,O
169,I,O
169,have,O
169,insomnia,B-SYMPTOM
169,and,O
169,it's,O
169,getting,O
169,worse,O
170,I,O
170,think,O
170,I,O
170,have,O
170,delusions,B-SYMPTOM
170,and,O
170,it's,O
170,getting,O
170,worse,O
171,I,O
171,have,O
171,been,O
171,experiencing,O
171,paranoia,B-SYMPTOM
171,lately,O
172,The,O
172,constant,O
172,feeling,O
172,of,O
172,low,B-SYMPTOM
172,self-esteem,I-SYMPTOM
172,is,O
172,overwhelming,O
173,Living,O
173,with,O
173,panic,B-SYMPTOM
173,attacks,I-SYMPTOM
173,is,O
173,exhausting,O
174,My,O
174,doctor,O
174,said,O
174,it,O
174,could,O
174,be,O
174,panic,B-SYMPTOM
174,attacks,I-SYMPTOM
175,It's,O
175,hard,O
175,to,O
175,deal,O
175,with,O
175,compulsive,B-SYMPTOM
175,behavior,I-SYMPTOM
176,My,O
176,doctor,O
176,said,O
176,it,O
176,could,O
176,be,O
176,trouble,B-SYMPTOM
176,sleeping,I-SYMPTOM
177,It's,O
177,hard,O
177,to,O
177,deal,O
177,with,O
177,depression,B-SYMPTOM
178,I,O
178,have,O
178,been,O
178,experiencing,O
178,panic,B-SYMPTOM
178,attacks,I-SYMPTOM
178,lately,O
179,I,O
179,can't,O
179,sleep,O
179,because,O
179,of,O
179,trouble,B-SYMPTOM
179,sleeping,I-SYMPTOM
180,I,O
180,have,O
180,been,O
180,experiencing,O
180,depression,B-SYMPTOM
180,lately,O
181,I,O
181,have,O
181,been,O
181,experiencing,O
181,mood,B-SYMPTOM
181,swings,I-SYMPTOM
181,lately,O
182,The,O
182,constant,O
182,feeling,O
182,of,O
182,insomnia,B-SYMPTOM
182,is,O
182,overwhelming,O
183,I,O
183,have,O
183,been,O
183,experiencing,O
183,hallucinations,B-SYMPTOM
183,lately,O
184,My,O
184,doctor,O
184,said,O
184,it,O
184,could,O
184,be,O
184,trouble,B-SYMPTOM
184,sleeping,I-SYMPTOM
185,depression,B-SYMPTOM
185,is,O
185,ruining,O
185,my,O
185,focus,O
185,and,O
185,peace,O
186,anxiety,B-SYMPTOM
186,is,O
186,ruining,O
186,my,O
186,focus,O
186,and,O
186,peace,O
187,It's,O
187,hard,O
187,to,O
187,deal,O
187,with,O
187,anxiety,B-SYMPTOM
188,My,O
188,doctor,O
188,said,O
188,it,O
188,could,O
188,be,O
188,low,B-SYMPTOM
188,self-esteem,I-SYMPTOM
189,I,O
189,have,O
189,been,O
189,experiencing,O
189,trouble,B-SYMPTOM
189,sleeping,I-SYMPTOM
189,lately,O
190,I,O
190,can't,O
190,sleep,O
190,because,O
190,of,O
190,compulsive,B-SYMPTOM
190,behavior,I-SYMPTOM
191,I,O
191,have,O
191,been,O
191,experiencing,O
191,fatigue,B-SYMPTOM
191,lately,O
192,I,O
192,have,O
192,been,O
192,experiencing,O
192,anxiety,B-SYMPTOM
192,lately,O
193,irritability,B-SYMPTOM
193,is,O
193,ruining,O
193,my,O
193,focus,O
193,and,O
193,peace,O
194,I,O
194,have,O
194,been,O
194,experiencing,O
194,depression,B-SYMPTOM
194,lately,O
195,I,O
195,can't,O
195,sleep,O
195,because,O
195,of,O
195,hallucinations,B-SYMPTOM
196,Recently,O
196,I,O
196,feel,O
196,nervousness,B-SYMPTOM
196,and,O
196,it,O
196,affects,O
196,my,O
196,daily,O
196,life,O
197,The,O
197,constant,O
197,feeling,O
197,of,O
197,nervousness,B-SYMPTOM
197,is,O
197,overwhelming,O
198,fear,B-SYMPTOM
198,is,O
198,ruining,O
198,my,O
198,focus,O
198,and,O
198,peace,O
199,Recently,O
199,I,O
199,feel,O
199,trouble,B-SYMPTOM
199,sleeping,I-SYMPTOM
199,and,O
199,it,O
199,affects,O
199,my,O
199,daily,O
199,life,O
200,I,O
200,think,O
200,I,O
200,have,O
200,panic,B-SYMPTOM
200,attacks,I-SYMPTOM
200,and,O
200,it's,O
200,getting,O
200,worse,O
201,It's,O
201,hard,O
201,to,O
201,deal,O
201,with,O
201,irritability,B-SYMPTOM
202,Living,O
202,with,O
202,low,B-SYMPTOM
202,self-esteem,I-SYMPTOM
202,is,O
202,exhausting,O
203,I,O
203,can't,O
203,sleep,O
203,because,O
203,of,O
203,trouble,B-SYMPTOM
203,sleeping,I-SYMPTOM
204,Sometimes,O
204,I,O
204,suffer,O
204,from,O
204,compulsive,B-SYMPTOM
204,behavior,I-SYMPTOM
205,I,O
205,can't,O
205,sleep,O
205,because,O
205,of,O
205,delusions,B-SYMPTOM
206,My,O
206,doctor,O
206,said,O
206,it,O
206,could,O
206,be,O
206,low,B-SYMPTOM
206,self-esteem,I-SYMPTOM
207,restlessness,B-SYMPTOM
207,is,O
207,ruining,O
207,my,O
207,focus,O
207,and,O
207,peace,O
208,Recently,O
208,I,O
208,feel,O
208,delusions,B-SYMPTOM
208,and,O
208,it,O
208,affects,O
208,my,O
208,daily,O
208,life,O
209,Sometimes,O
209,I,O
209,suffer,O
209,from,O
209,obsessive,B-SYMPTOM
209,thoughts,I-SYMPTOM
210,It's,O
210,hard,O
210,to,O
210,deal,O
210,with,O
210,irritability,B-SYMPTOM
211,It's,O
211,hard,O
211,to,O
211,deal,O
211,with,O
211,restlessness,B-SYMPTOM
212,I,O
212,have,O
212,been,O
212,experiencing,O
212,anxiety,B-SYMPTOM
212,lately,O
213,Living,O
213,with,O
213,social,B-SYMPTOM
213,withdrawal,I-SYMPTOM
213,is,O
213,exhausting,O
214,My,O
214,doctor,O
214,said,O
214,it,O
214,could,O
214,be,O
214,trouble,B-SYMPTOM
214,sleeping,I-SYMPTOM
215,It's,O
215,hard,O
215,to,O
215,deal,O
215,with,O
215,delusions,B-SYMPTOM
216,Sometimes,O
216,I,O
216,suffer,O
216,from,O
216,fatigue,B-SYMPTOM
217,anxiety,B-SYMPTOM
217,is,O
217,ruining,O
217,my,O
217,focus,O
217,and,O
217,peace,O
218,It's,O
218,hard,O
218,to,O
218,deal,O
218,with,O
218,low,B-SYMPTOM
218,self-esteem,I-SYMPTOM
219,The,O
219,constant,O
219,feeling,O
219,of,O
219,low,B-SYMPTOM
219,self-esteem,I-SYMPTOM
219,is,O
219,overwhelming,O
220,Sometimes,O
220,I,O
220,suffer,O
220,from,O
220,compulsive,B-SYMPTOM
220,behavior,I-SYMPTOM
221,Recently,O
221,I,O
221,feel,O
221,fatigue,B-SYMPTOM
221,and,O
221,it,O
221,affects,O
221,my,O
221,daily,O
221,life,O
222,Recently,O
222,I,O
222,feel,O
222,insomnia,B-SYMPTOM
222,and,O
222,it,O
222,affects,O
222,my,O
222,daily,O
222,life,O
223,I,O
223,think,O
223,I,O
223,have,O
223,low,B-SYMPTOM
223,self-esteem,I-SYMPTOM
223,and,O
223,it's,O
223,getting,O
223,worse,O
224,I,O
224,have,O
224,been,O
224,experiencing,O
224,hallucinations,B-SYMPTOM
224,lately,O
225,Living,O
225,with,O
225,low,B-SYMPTOM
225,self-esteem,I-SYMPTOM
225,is,O
225,exhausting,O
226,Living,O
226,with,O
226,panic,B-SYMPTOM
226,attacks,I-SYMPTOM
226,is,O
226,exhausting,O
227,My,O
227,doctor,O
227,said,O
227,it,O
227,could,O
227,be,O
227,mood,B-SYMPTOM
227,swings,I-SYMPTOM
228,delusions,B-SYMPTOM
228,is,O
228,ruining,O
228,my,O
228,focus,O
228,and,O
228,peace,O
229,My,O
229,doctor,O
229,said,O
229,it,O
229,could,O
229,be,O
229,irritability,B-SYMPTOM
230,I,O
230,can't,O
230,sleep,O
230,because,O
230,of,O
230,nervousness,B-SYMPTOM
231,It's,O
231,hard,O
231,to,O
231,deal,O
231,with,O
231,trouble,B-SYMPTOM
231,sleeping,I-SYMPTOM
232,My,O
232,doctor,O
232,said,O
232,it,O
232,could,O
232,be,O
232,low,B-SYMPTOM
232,self-esteem,I-SYMPTOM
233,I,O
233,have,O
233,been,O
233,experiencing,O
233,fatigue,B-SYMPTOM
233,lately,O
234,insomnia,B-SYMPTOM
234,is,O
234,ruining,O
234,my,O
234,focus,O
234,and,O
234,peace,O
235,The,O
235,constant,O
235,feeling,O
235,of,O
235,fatigue,B-SYMPTOM
235,is,O
235,overwhelming,O
236,obsessive,B-SYMPTOM
236,thoughts,I-SYMPTOM
236,is,O
236,ruining,O
236,my,O
236,focus,O
236,and,O
236,peace,O
237,I,O
237,have,O
237,been,O
237,experiencing,O
237,hallucinations,B-SYMPTOM
237,lately,O
238,Sometimes,O
238,I,O
238,suffer,O
238,from,O
238,fatigue,B-SYMPTOM
239,Sometimes,O
239,I,O
239,suffer,O
239,from,O
239,panic,B-SYMPTOM
239,attacks,I-SYMPTOM
240,mood,B-SYMPTOM
240,swings,I-SYMPTOM
240,is,O
240,ruining,O
240,my,O
240,focus,O
240,and,O
240,peace,O
241,Sometimes,O
241,I,O
241,suffer,O
241,from,O
241,mood,B-SYMPTOM
241,swings,I-SYMPTOM
242,My,O
242,doctor,O
242,said,O
242,it,O
242,could,O
242,be,O
242,compulsive,B-SYMPTOM
242,behavior,I-SYMPTOM
243,My,O
243,doctor,O
243,said,O
243,it,O
243,could,O
243,be,O
243,hallucinations,B-SYMPTOM
244,My,O
244,doctor,O
244,said,O
244,it,O
244,could,O
244,be,O
244,insomnia,B-SYMPTOM
245,It's,O
245,hard,O
245,to,O
245,deal,O
245,with,O
245,fatigue,B-SYMPTOM
246,I,O
246,have,O
246,been,O
246,experiencing,O
246,low,B-SYMPTOM
246,self-esteem,I-SYMPTOM
246,lately,O
247,I,O
247,can't,O
247,sleep,O
247,because,O
247,of,O
247,fear,B-SYMPTOM
248,My,O
248,doctor,O
248,said,O
248,it,O
248,could,O
248,be,O
248,mood,B-SYMPTOM
248,swings,I-SYMPTOM
249,Sometimes,O
249,I,O
249,suffer,O
249,from,O
249,compulsive,B-SYMPTOM
249,behavior,I-SYMPTOM
250,Sometimes,O
250,I,O
250,suffer,O
250,from,O
250,fear,B-SYMPTOM
251,I,O
251,think,O
251,I,O
251,have,O
251,panic,B-SYMPTOM
251,attacks,I-SYMPTOM
251,and,O
251,it's,O
251,getting,O
251,worse,O
252,It's,O
252,hard,O
252,to,O
252,deal,O
252,with,O
252,delusions,B-SYMPTOM
253,My,O
253,doctor,O
253,said,O
253,it,O
253,could,O
253,be,O
253,restlessness,B-SYMPTOM
254,Recently,O
254,I,O
254,feel,O
254,obsessive,B-SYMPTOM
254,thoughts,I-SYMPTOM
254,and,O
254,it,O
254,affects,O
254,my,O
254,daily,O
254,life,O
255,paranoia,B-SYMPTOM
255,is,O
255,ruining,O
255,my,O
255,focus,O
255,and,O
255,peace,O
256,Sometimes,O
256,I,O
256,suffer,O
256,from,O
256,mood,B-SYMPTOM
256,swings,I-SYMPTOM
257,obsessive,B-SYMPTOM
257,thoughts,I-SYMPTOM
257,is,O
257,ruining,O
257,my,O
257,focus,O
257,and,O
257,peace,O
258,I,O
258,have,O
258,been,O
258,experiencing,O
258,low,B-SYMPTOM
258,self-esteem,I-SYMPTOM
258,lately,O
259,The,O
259,constant,O
259,feeling,O
259,of,O
259,compulsive,B-SYMPTOM
259,behavior,I-SYMPTOM
259,is,O
259,overwhelming,O
260,I,O
260,think,O
260,I,O
260,have,O
260,fatigue,B-SYMPTOM
260,and,O
260,it's,O
260,getting,O
260,worse,O
261,The,O
261,constant,O
261,feeling,O
261,of,O
261,fatigue,B-SYMPTOM
261,is,O
261,overwhelming,O
262,Sometimes,O
262,I,O
262,suffer,O
262,from,O
262,fatigue,B-SYMPTOM
263,I,O
263,can't,O
263,sleep,O
263,because,O
263,of,O
263,depression,B-SYMPTOM
264,I,O
264,have,O
264,been,O
264,experiencing,O
264,anxiety,B-SYMPTOM
264,lately,O
265,It's,O
265,hard,O
265,to,O
265,deal,O
265,with,O
265,nervousness,B-SYMPTOM
266,Recently,O
266,I,O
266,feel,O
266,nervousness,B-SYMPTOM
266,and,O
266,it,O
266,affects,O
266,my,O
266,daily,O
266,life,O
267,social,B-SYMPTOM
267,withdrawal,I-SYMPTOM
267,is,O
267,ruining,O
267,my,O
267,focus,O
267,and,O
267,peace,O
268,I,O
268,can't,O
268,sleep,O
268,because,O
268,of,O
268,fear,B-SYMPTOM
269,It's,O
269,hard,O
269,to,O
269,deal,O
269,with,O
269,delusions,B-SYMPTOM
270,Living,O
270,with,O
270,trouble,B-SYMPTOM
270,sleeping,I-SYMPTOM
270,is,O
270,exhausting,O
271,Sometimes,O
271,I,O
271,suffer,O
271,from,O
271,fear,B-SYMPTOM
272,I,O
272,have,O
272,been,O
272,experiencing,O
272,trouble,B-SYMPTOM
272,sleeping,I-SYMPTOM
272,lately,O
273,Recently,O
273,I,O
273,feel,O
273,depression,B-SYMPTOM
273,and,O
273,it,O
273,affects,O
273,my,O
273,daily,O
273,life,O
274,My,O
274,doctor,O
274,said,O
274,it,O
274,could,O
274,be,O
274,panic,B-SYMPTOM
274,attacks,I-SYMPTOM
275,Sometimes,O
275,I,O
275,suffer,O
275,from,O
275,low,B-SYMPTOM
275,self-esteem,I-SYMPTOM
276,Recently,O
276,I,O
276,feel,O
276,social,B-SYMPTOM
276,withdrawal,I-SYMPTOM
276,and,O
276,it,O
276,affects,O
276,my,O
276,daily,O
276,life,O
277,My,O
277,doctor,O
277,said,O
277,it,O
277,could,O
277,be,O
277,obsessive,B-SYMPTOM
277,thoughts,I-SYMPTOM
278,mood,B-SYMPTOM
278,swings,I-SYMPTOM
278,is,O
278,ruining,O
278,my,O
278,focus,O
278,and,O
278,peace,O
279,My,O
279,doctor,O
279,said,O
279,it,O
279,could,O
279,be,O
279,hallucinations,B-SYMPTOM
280,My,O
280,doctor,O
280,said,O
280,it,O
280,could,O
280,be,O
280,social,B-SYMPTOM
280,withdrawal,I-SYMPTOM
281,It's,O
281,hard,O
281,to,O
281,deal,O
281,with,O
281,fear,B-SYMPTOM
282,Sometimes,O
282,I,O
282,suffer,O
282,from,O
282,fatigue,B-SYMPTOM
283,My,O
283,doctor,O
283,said,O
283,it,O
283,could,O
283,be,O
283,paranoia,B-SYMPTOM
284,My,O
284,doctor,O
284,said,O
284,it,O
284,could,O
284,be,O
284,low,B-SYMPTOM
284,self-esteem,I-SYMPTOM
285,The,O
285,constant,O
285,feeling,O
285,of,O
285,low,B-SYMPTOM
285,self-esteem,I-SYMPTOM
285,is,O
285,overwhelming,O
286,Living,O
286,with,O
286,delusions,B-SYMPTOM
286,is,O
286,exhausting,O
287,Recently,O
287,I,O
287,feel,O
287,panic,B-SYMPTOM
287,attacks,I-SYMPTOM
287,and,O
287,it,O
287,affects,O
287,my,O
287,daily,O
287,life,O
288,It's,O
288,hard,O
288,to,O
288,deal,O
288,with,O
288,fear,B-SYMPTOM
289,I,O
289,have,O
289,been,O
289,experiencing,O
289,trouble,B-SYMPTOM
289,sleeping,I-SYMPTOM
289,lately,O
290,I,O
290,have,O
290,been,O
290,experiencing,O
290,trouble,B-SYMPTOM
290,sleeping,I-SYMPTOM
290,lately,O
291,Sometimes,O
291,I,O
291,suffer,O
291,from,O
291,fear,B-SYMPTOM
292,Living,O
292,with,O
292,insomnia,B-SYMPTOM
292,is,O
292,exhausting,O
293,My,O
293,doctor,O
293,said,O
293,it,O
293,could,O
293,be,O
293,compulsive,B-SYMPTOM
293,behavior,I-SYMPTOM
294,Recently,O
294,I,O
294,feel,O
294,restlessness,B-SYMPTOM
294,and,O
294,it,O
294,affects,O
294,my,O
294,daily,O
294,life,O
295,It's,O
295,hard,O
295,to,O
295,deal,O
295,with,O
295,mood,B-SYMPTOM
295,swings,I-SYMPTOM
296,Recently,O
296,I,O
296,feel,O
296,obsessive,B-SYMPTOM
296,thoughts,I-SYMPTOM
296,and,O
296,it,O
296,affects,O
296,my,O
296,daily,O
296,life,O
297,The,O
297,constant,O
297,feeling,O
297,of,O
297,panic,B-SYMPTOM
297,attacks,I-SYMPTOM
297,is,O
297,overwhelming,O
298,Living,O
298,with,O
298,anxiety,B-SYMPTOM
298,is,O
298,exhausting,O
299,I,O
299,can't,O
299,sleep,O
299,because,O
299,of,O
299,obsessive,B-SYMPTOM
299,thoughts,I-SYMPTOM
300,Sometimes,O
300,I,O
300,suffer,O
300,from,O
300,panic,B-SYMPTOM
300,attacks,I-SYMPTOM
301,compulsive,B-SYMPTOM
301,behavior,I-SYMPTOM
301,is,O
301,ruining,O
301,my,O
301,focus,O
301,and,O
301,peace,O
302,My,O
302,doctor,O
302,said,O
302,it,O
302,could,O
302,be,O
302,fear,B-SYMPTOM
303,Living,O
303,with,O
303,social,B-SYMPTOM
303,withdrawal,I-SYMPTOM
303,is,O
303,exhausting,O
304,It's,O
304,hard,O
304,to,O
304,deal,O
304,with,O
304,mood,B-SYMPTOM
304,swings,I-SYMPTOM
305,Recently,O
305,I,O
305,feel,O
305,obsessive,B-SYMPTOM
305,thoughts,I-SYMPTOM
305,and,O
305,it,O
305,affects,O
305,my,O
305,daily,O
305,life,O
306,I,O
306,think,O
306,I,O
306,have,O
306,hallucinations,B-SYMPTOM
306,and,O
306,it's,O
306,getting,O
306,worse,O
307,I,O
307,can't,O
307,sleep,O
307,because,O
307,of,O
307,fatigue,B-SYMPTOM
308,It's,O
308,hard,O
308,to,O
308,deal,O
308,with,O
308,anxiety,B-SYMPTOM
309,The,O
309,constant,O
309,feeling,O
309,of,O
309,insomnia,B-SYMPTOM
309,is,O
309,overwhelming,O
310,I,O
310,can't,O
310,sleep,O
310,because,O
310,of,O
310,mood,B-SYMPTOM
310,swings,I-SYMPTOM
311,Living,O
311,with,O
311,nervousness,B-SYMPTOM
311,is,O
311,exhausting,O
312,Living,O
312,with,O
312,compulsive,B-SYMPTOM
312,behavior,I-SYMPTOM
312,is,O
312,exhausting,O
313,I,O
313,have,O
313,been,O
313,experiencing,O
313,social,B-SYMPTOM
313,withdrawal,I-SYMPTOM
313,lately,O
314,The,O
314,constant,O
314,feeling,O
314,of,O
314,delusions,B-SYMPTOM
314,is,O
314,overwhelming,O
315,The,O
315,constant,O
315,feeling,O
315,of,O
315,nervousness,B-SYMPTOM
315,is,O
315,overwhelming,O
316,I,O
316,have,O
316,been,O
316,experiencing,O
316,anxiety,B-SYMPTOM
316,lately,O
317,Living,O
317,with,O
317,trouble,B-SYMPTOM
317,sleeping,I-SYMPTOM
317,is,O
317,exhausting,O
318,Living,O
318,with,O
318,nervousness,B-SYMPTOM
318,is,O
318,exhausting,O
319,The,O
319,constant,O
319,feeling,O
319,of,O
319,irritability,B-SYMPTOM
319,is,O
319,overwhelming,O
320,I,O
320,think,O
320,I,O
320,have,O
320,depression,B-SYMPTOM
320,and,O
320,it's,O
320,getting,O
320,worse,O
321,My,O
321,doctor,O
321,said,O
321,it,O
321,could,O
321,be,O
321,compulsive,B-SYMPTOM
321,behavior,I-SYMPTOM
322,social,B-SYMPTOM
322,withdrawal,I-SYMPTOM
322,is,O
322,ruining,O
322,my,O
322,focus,O
322,and,O
322,peace,O
323,Sometimes,O
323,I,O
323,suffer,O
323,from,O
323,fatigue,B-SYMPTOM
324,It's,O
324,hard,O
324,to,O
324,deal,O
324,with,O
324,paranoia,B-SYMPTOM
325,Recently,O
325,I,O
325,feel,O
325,low,B-SYMPTOM
325,self-esteem,I-SYMPTOM
325,and,O
325,it,O
325,affects,O
325,my,O
325,daily,O
325,life,O
326,Sometimes,O
326,I,O
326,suffer,O
326,from,O
326,anxiety,B-SYMPTOM
327,It's,O
327,hard,O
327,to,O
327,deal,O
327,with,O
327,fear,B-SYMPTOM
328,It's,O
328,hard,O
328,to,O
328,deal,O
328,with,O
328,trouble,B-SYMPTOM
328,sleeping,I-SYMPTOM
329,My,O
329,doctor,O
329,said,O
329,it,O
329,could,O
329,be,O
329,social,B-SYMPTOM
329,withdrawal,I-SYMPTOM
330,Sometimes,O
330,I,O
330,suffer,O
330,from,O
330,paranoia,B-SYMPTOM
331,Living,O
331,with,O
331,irritability,B-SYMPTOM
331,is,O
331,exhausting,O
332,My,O
332,doctor,O
332,said,O
332,it,O
332,could,O
332,be,O
332,depression,B-SYMPTOM
333,restlessness,B-SYMPTOM
333,is,O
333,ruining,O
333,my,O
333,focus,O
333,and,O
333,peace,O
334,It's,O
334,hard,O
334,to,O
334,deal,O
334,with,O
334,restlessness,B-SYMPTOM
335,I,O
335,have,O
335,been,O
335,experiencing,O
335,mood,B-SYMPTOM
335,swings,I-SYMPTOM
335,lately,O
336,The,O
336,constant,O
336,feeling,O
336,of,O
336,social,B-SYMPTOM
336,withdrawal,I-SYMPTOM
336,is,O
336,overwhelming,O
337,I,O
337,have,O
337,been,O
337,experiencing,O
337,restlessness,B-SYMPTOM
337,lately,O
338,The,O
338,constant,O
338,feeling,O
338,of,O
338,social,B-SYMPTOM
338,withdrawal,I-SYMPTOM
338,is,O
338,overwhelming,O
339,Recently,O
339,I,O
339,feel,O
339,fatigue,B-SYMPTOM
339,and,O
339,it,O
339,affects,O
339,my,O
339,daily,O
339,life,O
340,mood,B-SYMPTOM
340,swings,I-SYMPTOM
340,is,O
340,ruining,O
340,my,O
340,focus,O
340,and,O
340,peace,O
341,My,O
341,doctor,O
341,said,O
341,it,O
341,could,O
341,be,O
341,social,B-SYMPTOM
341,withdrawal,I-SYMPTOM
342,I,O
342,can't,O
342,sleep,O
342,because,O
342,of,O
342,delusions,B-SYMPTOM
343,I,O
343,can't,O
343,sleep,O
343,because,O
343,of,O
343,insomnia,B-SYMPTOM
344,social,B-SYMPTOM
344,withdrawal,I-SYMPTOM
344,is,O
344,ruining,O
344,my,O
344,focus,O
344,and,O
344,peace,O
345,Living,O
345,with,O
345,fear,B-SYMPTOM
345,is,O
345,exhausting,O
346,Living,O
346,with,O
346,delusions,B-SYMPTOM
346,is,O
346,exhausting,O
347,I,O
347,have,O
347,been,O
347,experiencing,O
347,nervousness,B-SYMPTOM
347,lately,O
348,Recently,O
348,I,O
348,feel,O
348,depression,B-SYMPTOM
348,and,O
348,it,O
348,affects,O
348,my,O
348,daily,O
348,life,O
349,Living,O
349,with,O
349,hallucinations,B-SYMPTOM
349,is,O
349,exhausting,O
350,Sometimes,O
350,I,O
350,suffer,O
350,from,O
350,obsessive,B-SYMPTOM
350,thoughts,I-SYMPTOM
351,compulsive,B-SYMPTOM
351,behavior,I-SYMPTOM
351,is,O
351,ruining,O
351,my,O
351,focus,O
351,and,O
351,peace,O
352,Sometimes,O
352,I,O
352,suffer,O
352,from,O
352,low,B-SYMPTOM
352,self-esteem,I-SYMPTOM
353,Recently,O
353,I,O
353,feel,O
353,paranoia,B-SYMPTOM
353,and,O
353,it,O
353,affects,O
353,my,O
353,daily,O
353,life,O
354,insomnia,B-SYMPTOM
354,is,O
354,ruining,O
354,my,O
354,focus,O
354,and,O
354,peace,O
355,Living,O
355,with,O
355,compulsive,B-SYMPTOM
355,behavior,I-SYMPTOM
355,is,O
355,exhausting,O
356,The,O
356,constant,O
356,feeling,O
356,of,O
356,anxiety,B-SYMPTOM
356,is,O
356,overwhelming,O
357,It's,O
357,hard,O
357,to,O
357,deal,O
357,with,O
357,delusions,B-SYMPTOM
358,Recently,O
358,I,O
358,feel,O
358,obsessive,B-SYMPTOM
358,thoughts,I-SYMPTOM
358,and,O
358,it,O
358,affects,O
358,my,O
358,daily,O
358,life,O
359,I,O
359,have,O
359,been,O
359,experiencing,O
359,panic,B-SYMPTOM
359,attacks,I-SYMPTOM
359,lately,O
360,Recently,O
360,I,O
360,feel,O
360,obsessive,B-SYMPTOM
360,thoughts,I-SYMPTOM
360,and,O
360,it,O
360,affects,O
360,my,O
360,daily,O
360,life,O
361,I,O
361,have,O
361,been,O
361,experiencing,O
361,low,B-SYMPTOM
361,self-esteem,I-SYMPTOM
361,lately,O
362,social,B-SYMPTOM
362,withdrawal,I-SYMPTOM
362,is,O
362,ruining,O
362,my,O
362,focus,O
362,and,O
362,peace,O
363,irritability,B-SYMPTOM
363,is,O
363,ruining,O
363,my,O
363,focus,O
363,and,O
363,peace,O
364,The,O
364,constant,O
364,feeling,O
364,of,O
364,restlessness,B-SYMPTOM
364,is,O
364,overwhelming,O
365,My,O
365,doctor,O
365,said,O
365,it,O
365,could,O
365,be,O
365,anxiety,B-SYMPTOM
366,compulsive,B-SYMPTOM
366,behavior,I-SYMPTOM
366,is,O
366,ruining,O
366,my,O
366,focus,O
366,and,O
366,peace,O
367,I,O
367,have,O
367,been,O
367,experiencing,O
367,mood,B-SYMPTOM
367,swings,I-SYMPTOM
367,lately,O
368,Living,O
368,with,O
368,low,B-SYMPTOM
368,self-esteem,I-SYMPTOM
368,is,O
368,exhausting,O
369,Sometimes,O
369,I,O
369,suffer,O
369,from,O
369,social,B-SYMPTOM
369,withdrawal,I-SYMPTOM
370,Recently,O
370,I,O
370,feel,O
370,insomnia,B-SYMPTOM
370,and,O
370,it,O
370,affects,O
370,my,O
370,daily,O
370,life,O
371,I,O
371,think,O
371,I,O
371,have,O
371,trouble,B-SYMPTOM
371,sleeping,I-SYMPTOM
371,and,O
371,it's,O
371,getting,O
371,worse,O
372,paranoia,B-SYMPTOM
372,is,O
372,ruining,O
372,my,O
372,focus,O
372,and,O
372,peace,O
373,I,O
373,think,O
373,I,O
373,have,O
373,depression,B-SYMPTOM
373,and,O
373,it's,O
373,getting,O
373,worse,O
374,Recently,O
374,I,O
374,feel,O
374,irritability,B-SYMPTOM
374,and,O
374,it,O
374,affects,O
374,my,O
374,daily,O
374,life,O
375,I,O
375,can't,O
375,sleep,O
375,because,O
375,of,O
375,paranoia,B-SYMPTOM
376,I,O
376,have,O
376,been,O
376,experiencing,O
376,paranoia,B-SYMPTOM
376,lately,O
377,anxiety,B-SYMPTOM
377,is,O
377,ruining,O
377,my,O
377,focus,O
377,and,O
377,peace,O
378,I,O
378,have,O
378,been,O
378,experiencing,O
378,irritability,B-SYMPTOM
378,lately,O
379,It's,O
379,hard,O
379,to,O
379,deal,O
379,with,O
379,delusions,B-SYMPTOM
380,Living,O
380,with,O
380,insomnia,B-SYMPTOM
380,is,O
380,exhausting,O
381,My,O
381,doctor,O
381,said,O
381,it,O
381,could,O
381,be,O
381,social,B-SYMPTOM
381,withdrawal,I-SYMPTOM
382,The,O
382,constant,O
382,feeling,O
382,of,O
382,insomnia,B-SYMPTOM
382,is,O
382,overwhelming,O
383,compulsive,B-SYMPTOM
383,behavior,I-SYMPTOM
383,is,O
383,ruining,O
383,my,O
383,focus,O
383,and,O
383,peace,O
384,My,O
384,doctor,O
384,said,O
384,it,O
384,could,O
384,be,O
384,obsessive,B-SYMPTOM
384,thoughts,I-SYMPTOM
385,The,O
385,constant,O
385,feeling,O
385,of,O
385,depression,B-SYMPTOM
385,is,O
385,overwhelming,O
386,I,O
386,think,O
386,I,O
386,have,O
386,low,B-SYMPTOM
386,self-esteem,I-SYMPTOM
386,and,O
386,it's,O
386,getting,O
386,worse,O
387,Recently,O
387,I,O
387,feel,O
387,delusions,B-SYMPTOM
387,and,O
387,it,O
387,affects,O
387,my,O
387,daily,O
387,life,O
388,Recently,O
388,I,O
388,feel,O
388,mood,B-SYMPTOM
388,swings,I-SYMPTOM
388,and,O
388,it,O
388,affects,O
388,my,O
388,daily,O
388,life,O
389,It's,O
389,hard,O
389,to,O
389,deal,O
389,with,O
389,mood,B-SYMPTOM
389,swings,I-SYMPTOM
390,It's,O
390,hard,O
390,to,O
390,deal,O
390,with,O
390,paranoia,B-SYMPTOM
391,Sometimes,O
391,I,O
391,suffer,O
391,from,O
391,anxiety,B-SYMPTOM
392,I,O
392,have,O
392,been,O
392,experiencing,O
392,mood,B-SYMPTOM
392,swings,I-SYMPTOM
392,lately,O
393,Sometimes,O
393,I,O
393,suffer,O
393,from,O
393,mood,B-SYMPTOM
393,swings,I-SYMPTOM
394,Sometimes,O
394,I,O
394,suffer,O
394,from,O
394,paranoia,B-SYMPTOM
395,I,O
395,can't,O
395,sleep,O
395,because,O
395,of,O
395,depression,B-SYMPTOM
396,I,O
396,can't,O
396,sleep,O
396,because,O
396,of,O
396,fear,B-SYMPTOM
397,My,O
397,doctor,O
397,said,O
397,it,O
397,could,O
397,be,O
397,compulsive,B-SYMPTOM
397,behavior,I-SYMPTOM
398,Living,O
398,with,O
398,trouble,B-SYMPTOM
398,sleeping,I-SYMPTOM
398,is,O
398,exhausting,O
399,The,O
399,constant,O
399,feeling,O
399,of,O
399,obsessive,B-SYMPTOM
399,thoughts,I-SYMPTOM
399,is,O
399,overwhelming,O
400,Recently,O
400,I,O
400,feel,O
400,delusions,B-SYMPTOM
400,and,O
400,it,O
400,affects,O
400,my,O
400,daily,O
400,life,O
401,Sometimes,O
401,I,O
401,suffer,O
401,from,O
401,low,B-SYMPTOM
401,self-esteem,I-SYMPTOM
402,My,O
402,doctor,O
402,said,O
402,it,O
402,could,O
402,be,O
402,panic,B-SYMPTOM
402,attacks,I-SYMPTOM
403,Recently,O
403,I,O
403,feel,O
403,panic,B-SYMPTOM
403,attacks,I-SYMPTOM
403,and,O
403,it,O
403,affects,O
403,my,O
403,daily,O
403,life,O
404,My,O
404,doctor,O
404,said,O
404,it,O
404,could,O
404,be,O
404,fatigue,B-SYMPTOM
405,I,O
405,can't,O
405,sleep,O
405,because,O
405,of,O
405,depression,B-SYMPTOM
406,I,O
406,can't,O
406,sleep,O
406,because,O
406,of,O
406,hallucinations,B-SYMPTOM
407,Living,O
407,with,O
407,low,B-SYMPTOM
407,self-esteem,I-SYMPTOM
407,is,O
407,exhausting,O
408,Living,O
408,with,O
408,social,B-SYMPTOM
408,withdrawal,I-SYMPTOM
408,is,O
408,exhausting,O
409,Recently,O
409,I,O
409,feel,O
409,insomnia,B-SYMPTOM
409,and,O
409,it,O
409,affects,O
409,my,O
409,daily,O
409,life,O
410,Living,O
410,with,O
410,obsessive,B-SYMPTOM
410,thoughts,I-SYMPTOM
410,is,O
410,exhausting,O
411,social,B-SYMPTOM
411,withdrawal,I-SYMPTOM
411,is,O
411,ruining,O
411,my,O
411,focus,O
411,and,O
411,peace,O
412,My,O
412,doctor,O
412,said,O
412,it,O
412,could,O
412,be,O
412,fear,B-SYMPTOM
413,I,O
413,have,O
413,been,O
413,experiencing,O
413,irritability,B-SYMPTOM
413,lately,O
414,The,O
414,constant,O
414,feeling,O
414,of,O
414,insomnia,B-SYMPTOM
414,is,O
414,overwhelming,O
415,It's,O
415,hard,O
415,to,O
415,deal,O
415,with,O
415,depression,B-SYMPTOM
416,It's,O
416,hard,O
416,to,O
416,deal,O
416,with,O
416,mood,B-SYMPTOM
416,swings,I-SYMPTOM
417,Living,O
417,with,O
417,panic,B-SYMPTOM
417,attacks,I-SYMPTOM
417,is,O
417,exhausting,O
418,The,O
418,constant,O
418,feeling,O
418,of,O
418,irritability,B-SYMPTOM
418,is,O
418,overwhelming,O
419,Recently,O
419,I,O
419,feel,O
419,panic,B-SYMPTOM
419,attacks,I-SYMPTOM
419,and,O
419,it,O
419,affects,O
419,my,O
419,daily,O
419,life,O
420,My,O
420,doctor,O
420,said,O
420,it,O
420,could,O
420,be,O
420,restlessness,B-SYMPTOM
421,My,O
421,doctor,O
421,said,O
421,it,O
421,could,O
421,be,O
421,low,B-SYMPTOM
421,self-esteem,I-SYMPTOM
422,Recently,O
422,I,O
422,feel,O
422,nervousness,B-SYMPTOM
422,and,O
422,it,O
422,affects,O
422,my,O
422,daily,O
422,life,O
423,It's,O
423,hard,O
423,to,O
423,deal,O
423,with,O
423,social,B-SYMPTOM
423,withdrawal,I-SYMPTOM
424,depression,B-SYMPTOM
424,is,O
424,ruining,O
424,my,O
424,focus,O
424,and,O
424,peace,O
425,It's,O
425,hard,O
425,to,O
425,deal,O
425,with,O
425,obsessive,B-SYMPTOM
425,thoughts,I-SYMPTOM
426,Living,O
426,with,O
426,insomnia,B-SYMPTOM
426,is,O
426,exhausting,O
427,I,O
427,can't,O
427,sleep,O
427,because,O
427,of,O
427,low,B-SYMPTOM
427,self-esteem,I-SYMPTOM
428,It's,O
428,hard,O
428,to,O
428,deal,O
428,with,O
428,insomnia,B-SYMPTOM
429,Living,O
429,with,O
429,restlessness,B-SYMPTOM
429,is,O
429,exhausting,O
430,Sometimes,O
430,I,O
430,suffer,O
430,from,O
430,fear,B-SYMPTOM
431,Recently,O
431,I,O
431,feel,O
431,fatigue,B-SYMPTOM
431,and,O
431,it,O
431,affects,O
431,my,O
431,daily,O
431,life,O
432,I,O
432,think,O
432,I,O
432,have,O
432,depression,B-SYMPTOM
432,and,O
432,it's,O
432,getting,O
432,worse,O
433,I,O
433,think,O
433,I,O
433,have,O
433,irritability,B-SYMPTOM
433,and,O
433,it's,O
433,getting,O
433,worse,O
434,Living,O
434,with,O
434,compulsive,B-SYMPTOM
434,behavior,I-SYMPTOM
434,is,O
434,exhausting,O
435,The,O
435,constant,O
435,feeling,O
435,of,O
435,panic,B-SYMPTOM
435,attacks,I-SYMPTOM
435,is,O
435,overwhelming,O
436,My,O
436,doctor,O
436,said,O
436,it,O
436,could,O
436,be,O
436,fatigue,B-SYMPTOM
437,I,O
437,think,O
437,I,O
437,have,O
437,restlessness,B-SYMPTOM
437,and,O
437,it's,O
437,getting,O
437,worse,O
438,Recently,O
438,I,O
438,feel,O
438,depression,B-SYMPTOM
438,and,O
438,it,O
438,affects,O
438,my,O
438,daily,O
438,life,O
439,I,O
439,think,O
439,I,O
439,have,O
439,irritability,B-SYMPTOM
439,and,O
439,it's,O
439,getting,O
439,worse,O
440,I,O
440,think,O
440,I,O
440,have,O
440,anxiety,B-SYMPTOM
440,and,O
440,it's,O
440,getting,O
440,worse,O
441,Sometimes,O
441,I,O
441,suffer,O
441,from,O
441,paranoia,B-SYMPTOM
442,The,O
442,constant,O
442,feeling,O
442,of,O
442,social,B-SYMPTOM
442,withdrawal,I-SYMPTOM
442,is,O
442,overwhelming,O
443,I,O
443,think,O
443,I,O
443,have,O
443,compulsive,B-SYMPTOM
443,behavior,I-SYMPTOM
443,and,O
443,it's,O
443,getting,O
443,worse,O
444,depression,B-SYMPTOM
444,is,O
444,ruining,O
444,my,O
444,focus,O
444,and,O
444,peace,O
445,My,O
445,doctor,O
445,said,O
445,it,O
445,could,O
445,be,O
445,paranoia,B-SYMPTOM
446,Sometimes,O
446,I,O
446,suffer,O
446,from,O
446,trouble,B-SYMPTOM
446,sleeping,I-SYMPTOM
447,My,O
447,doctor,O
447,said,O
447,it,O
447,could,O
447,be,O
447,fatigue,B-SYMPTOM
448,I,O
448,have,O
448,been,O
448,experiencing,O
448,paranoia,B-SYMPTOM
448,lately,O
449,The,O
449,constant,O
449,feeling,O
449,of,O
449,hallucinations,B-SYMPTOM
449,is,O
449,overwhelming,O
450,I,O
450,have,O
450,been,O
450,experiencing,O
450,low,B-SYMPTOM
450,self-esteem,I-SYMPTOM
450,lately,O
451,Recently,O
451,I,O
451,feel,O
451,obsessive,B-SYMPTOM
451,thoughts,I-SYMPTOM
451,and,O
451,it,O
451,affects,O
451,my,O
451,daily,O
451,life,O
452,Recently,O
452,I,O
452,feel,O
452,fatigue,B-SYMPTOM
452,and,O
452,it,O
452,affects,O
452,my,O
452,daily,O
452,life,O
453,I,O
453,think,O
453,I,O
453,have,O
453,fatigue,B-SYMPTOM
453,and,O
453,it's,O
453,getting,O
453,worse,O
454,I,O
454,have,O
454,been,O
454,experiencing,O
454,irritability,B-SYMPTOM
454,lately,O
455,It's,O
455,hard,O
455,to,O
455,deal,O
455,with,O
455,paranoia,B-SYMPTOM
456,It's,O
456,hard,O
456,to,O
456,deal,O
456,with,O
456,delusions,B-SYMPTOM
457,I,O
457,think,O
457,I,O
457,have,O
457,social,B-SYMPTOM
457,withdrawal,I-SYMPTOM
457,and,O
457,it's,O
457,getting,O
457,worse,O
458,depression,B-SYMPTOM
458,is,O
458,ruining,O
458,my,O
458,focus,O
458,and,O
458,peace,O
459,Living,O
459,with,O
459,social,B-SYMPTOM
459,withdrawal,I-SYMPTOM
459,is,O
459,exhausting,O
460,I,O
460,think,O
460,I,O
460,have,O
460,panic,B-SYMPTOM
460,attacks,I-SYMPTOM
460,and,O
460,it's,O
460,getting,O
460,worse,O
461,Recently,O
461,I,O
461,feel,O
461,mood,B-SYMPTOM
461,swings,I-SYMPTOM
461,and,O
461,it,O
461,affects,O
461,my,O
461,daily,O
461,life,O
462,I,O
462,have,O
462,been,O
462,experiencing,O
462,hallucinations,B-SYMPTOM
462,lately,O
463,I,O
463,can't,O
463,sleep,O
463,because,O
463,of,O
463,social,B-SYMPTOM
463,withdrawal,I-SYMPTOM
464,Sometimes,O
464,I,O
464,suffer,O
464,from,O
464,panic,B-SYMPTOM
464,attacks,I-SYMPTOM
465,The,O
465,constant,O
465,feeling,O
465,of,O
465,mood,B-SYMPTOM
465,swings,I-SYMPTOM
465,is,O
465,overwhelming,O
466,It's,O
466,hard,O
466,to,O
466,deal,O
466,with,O
466,obsessive,B-SYMPTOM
466,thoughts,I-SYMPTOM
467,Recently,O
467,I,O
467,feel,O
467,obsessive,B-SYMPTOM
467,thoughts,I-SYMPTOM
467,and,O
467,it,O
467,affects,O
467,my,O
467,daily,O
467,life,O
468,It's,O
468,hard,O
468,to,O
468,deal,O
468,with,O
468,fatigue,B-SYMPTOM
469,I,O
469,think,O
469,I,O
469,have,O
469,depression,B-SYMPTOM
469,and,O
469,it's,O
469,getting,O
469,worse,O
470,I,O
470,have,O
470,been,O
470,experiencing,O
470,mood,B-SYMPTOM
470,swings,I-SYMPTOM
470,lately,O
471,It's,O
471,hard,O
471,to,O
471,deal,O
471,with,O
471,nervousness,B-SYMPTOM
472,The,O
472,constant,O
472,feeling,O
472,of,O
472,insomnia,B-SYMPTOM
472,is,O
472,overwhelming,O
473,I,O
473,have,O
473,been,O
473,experiencing,O
473,delusions,B-SYMPTOM
473,lately,O
474,fatigue,B-SYMPTOM
474,is,O
474,ruining,O
474,my,O
474,focus,O
474,and,O
474,peace,O
475,Sometimes,O
475,I,O
475,suffer,O
475,from,O
475,restlessness,B-SYMPTOM
476,depression,B-SYMPTOM
476,is,O
476,ruining,O
476,my,O
476,focus,O
476,and,O
476,peace,O
477,I,O
477,think,O
477,I,O
477,have,O
477,hallucinations,B-SYMPTOM
477,and,O
477,it's,O
477,getting,O
477,worse,O
478,hallucinations,B-SYMPTOM
478,is,O
478,ruining,O
478,my,O
478,focus,O
478,and,O
478,peace,O
479,It's,O
479,hard,O
479,to,O
479,deal,O
479,with,O
479,restlessness,B-SYMPTOM
480,I,O
480,can't,O
480,sleep,O
480,because,O
480,of,O
480,compulsive,B-SYMPTOM
480,behavior,I-SYMPTOM
481,Recently,O
481,I,O
481,feel,O
481,nervousness,B-SYMPTOM
481,and,O
481,it,O
481,affects,O
481,my,O
481,daily,O
481,life,O
482,It's,O
482,hard,O
482,to,O
482,deal,O
482,with,O
482,restlessness,B-SYMPTOM
483,I,O
483,have,O
483,been,O
483,experiencing,O
483,panic,B-SYMPTOM
483,attacks,I-SYMPTOM
483,lately,O
484,Recently,O
484,I,O
484,feel,O
484,anxiety,B-SYMPTOM
484,and,O
484,it,O
484,affects,O
484,my,O
484,daily,O
484,life,O
485,It's,O
485,hard,O
485,to,O
485,deal,O
485,with,O
485,mood,B-SYMPTOM
485,swings,I-SYMPTOM
486,I,O
486,think,O
486,I,O
486,have,O
486,restlessness,B-SYMPTOM
486,and,O
486,it's,O
486,getting,O
486,worse,O
487,Living,O
487,with,O
487,panic,B-SYMPTOM
487,attacks,I-SYMPTOM
487,is,O
487,exhausting,O
488,paranoia,B-SYMPTOM
488,is,O
488,ruining,O
488,my,O
488,focus,O
488,and,O
488,peace,O
489,I,O
489,can't,O
489,sleep,O
489,because,O
489,of,O
489,paranoia,B-SYMPTOM
490,It's,O
490,hard,O
490,to,O
490,deal,O
490,with,O
490,nervousness,B-SYMPTOM
491,Sometimes,O
491,I,O
491,suffer,O
491,from,O
491,panic,B-SYMPTOM
491,attacks,I-SYMPTOM
492,The,O
492,constant,O
492,feeling,O
492,of,O
492,restlessness,B-SYMPTOM
492,is,O
492,overwhelming,O
493,My,O
493,doctor,O
493,said,O
493,it,O
493,could,O
493,be,O
493,restlessness,B-SYMPTOM
494,My,O
494,doctor,O
494,said,O
494,it,O
494,could,O
494,be,O
494,obsessive,B-SYMPTOM
494,thoughts,I-SYMPTOM
495,mood,B-SYMPTOM
495,swings,I-SYMPTOM
495,is,O
495,ruining,O
495,my,O
495,focus,O
495,and,O
495,peace,O
496,It's,O
496,hard,O
496,to,O
496,deal,O
496,with,O
496,low,B-SYMPTOM
496,self-esteem,I-SYMPTOM
497,My,O
497,doctor,O
497,said,O
497,it,O
497,could,O
497,be,O
497,compulsive,B-SYMPTOM
497,behavior,I-SYMPTOM
498,My,O
498,doctor,O
498,said,O
498,it,O
498,could,O
498,be,O
498,fear,B-SYMPTOM
499,Living,O
499,with,O
499,irritability,B-SYMPTOM
499,is,O
499,exhausting,O
500,Recently,O
500,I,O
500,feel,O
500,low,B-SYMPTOM
500,self-esteem,I-SYMPTOM
500,and,O
500,it,O
500,affects,O
500,my,O
500,daily,O
500,life,O
501,I,O
501,think,O
501,I,O
501,have,O
501,trouble,B-SYMPTOM
501,sleeping,I-SYMPTOM
501,and,O
501,it's,O
501,getting,O
501,worse,O
502,I,O
502,can't,O
502,sleep,O
502,because,O
502,of,O
502,depression,B-SYMPTOM
503,The,O
503,constant,O
503,feeling,O
503,of,O
503,insomnia,B-SYMPTOM
503,is,O
503,overwhelming,O
504,mood,B-SYMPTOM
504,swings,I-SYMPTOM
504,is,O
504,ruining,O
504,my,O
504,focus,O
504,and,O
504,peace,O
505,It's,O
505,hard,O
505,to,O
505,deal,O
505,with,O
505,mood,B-SYMPTOM
505,swings,I-SYMPTOM
506,The,O
506,constant,O
506,feeling,O
506,of,O
506,fatigue,B-SYMPTOM
506,is,O
506,overwhelming,O
507,I,O
507,think,O
507,I,O
507,have,O
507,compulsive,B-SYMPTOM
507,behavior,I-SYMPTOM
507,and,O
507,it's,O
507,getting,O
507,worse,O
508,I,O
508,have,O
508,been,O
508,experiencing,O
508,depression,B-SYMPTOM
508,lately,O
509,Sometimes,O
509,I,O
509,suffer,O
509,from,O
509,irritability,B-SYMPTOM
510,anxiety,B-SYMPTOM
510,is,O
510,ruining,O
510,my,O
510,focus,O
510,and,O
510,peace,O
511,I,O
511,think,O
511,I,O
511,have,O
511,depression,B-SYMPTOM
511,and,O
511,it's,O
511,getting,O
511,worse,O
512,It's,O
512,hard,O
512,to,O
512,deal,O
512,with,O
512,insomnia,B-SYMPTOM
513,insomnia,B-SYMPTOM
513,is,O
513,ruining,O
513,my,O
513,focus,O
513,and,O
513,peace,O
514,My,O
514,doctor,O
514,said,O
514,it,O
514,could,O
514,be,O
514,delusions,B-SYMPTOM
515,compulsive,B-SYMPTOM
515,behavior,I-SYMPTOM
515,is,O
515,ruining,O
515,my,O
515,focus,O
515,and,O
515,peace,O
516,I,O
516,have,O
516,been,O
516,experiencing,O
516,irritability,B-SYMPTOM
516,lately,O
517,I,O
517,think,O
517,I,O
517,have,O
517,insomnia,B-SYMPTOM
517,and,O
517,it's,O
517,getting,O
517,worse,O
518,I,O
518,have,O
518,been,O
518,experiencing,O
518,restlessness,B-SYMPTOM
518,lately,O
519,Living,O
519,with,O
519,low,B-SYMPTOM
519,self-esteem,I-SYMPTOM
519,is,O
519,exhausting,O
520,I,O
520,think,O
520,I,O
520,have,O
520,fear,B-SYMPTOM
520,and,O
520,it's,O
520,getting,O
520,worse,O
521,I,O
521,can't,O
521,sleep,O
521,because,O
521,of,O
521,insomnia,B-SYMPTOM
522,I,O
522,can't,O
522,sleep,O
522,because,O
522,of,O
522,paranoia,B-SYMPTOM
523,Recently,O
523,I,O
523,feel,O
523,obsessive,B-SYMPTOM
523,thoughts,I-SYMPTOM
523,and,O
523,it,O
523,affects,O
523,my,O
523,daily,O
523,life,O
524,I,O
524,can't,O
524,sleep,O
524,because,O
524,of,O
524,insomnia,B-SYMPTOM
525,I,O
525,have,O
525,been,O
525,experiencing,O
525,hallucinations,B-SYMPTOM
525,lately,O
526,Living,O
526,with,O
526,trouble,B-SYMPTOM
526,sleeping,I-SYMPTOM
526,is,O
526,exhausting,O
527,I,O
527,can't,O
527,sleep,O
527,because,O
527,of,O
527,fatigue,B-SYMPTOM
528,paranoia,B-SYMPTOM
528,is,O
528,ruining,O
528,my,O
528,focus,O
528,and,O
528,peace,O
529,Sometimes,O
529,I,O
529,suffer,O
529,from,O
529,restlessness,B-SYMPTOM
530,I,O
530,have,O
530,been,O
530,experiencing,O
530,fear,B-SYMPTOM
530,lately,O
531,I,O
531,can't,O
531,sleep,O
531,because,O
531,of,O
531,restlessness,B-SYMPTOM
532,Living,O
532,with,O
532,restlessness,B-SYMPTOM
532,is,O
532,exhausting,O
533,I,O
533,can't,O
533,sleep,O
533,because,O
533,of,O
533,trouble,B-SYMPTOM
533,sleeping,I-SYMPTOM
534,Sometimes,O
534,I,O
534,suffer,O
534,from,O
534,trouble,B-SYMPTOM
534,sleeping,I-SYMPTOM
535,depression,B-SYMPTOM
535,is,O
535,ruining,O
535,my,O
535,focus,O
535,and,O
535,peace,O
536,I,O
536,think,O
536,I,O
536,have,O
536,paranoia,B-SYMPTOM
536,and,O
536,it's,O
536,getting,O
536,worse,O
537,I,O
537,can't,O
537,sleep,O
537,because,O
537,of,O
537,nervousness,B-SYMPTOM
538,I,O
538,think,O
538,I,O
538,have,O
538,fear,B-SYMPTOM
538,and,O
538,it's,O
538,getting,O
538,worse,O
539,depression,B-SYMPTOM
539,is,O
539,ruining,O
539,my,O
539,focus,O
539,and,O
539,peace,O
540,I,O
540,can't,O
540,sleep,O
540,because,O
540,of,O
540,trouble,B-SYMPTOM
540,sleeping,I-SYMPTOM
541,Living,O
541,with,O
541,low,B-SYMPTOM
541,self-esteem,I-SYMPTOM
541,is,O
541,exhausting,O
542,The,O
542,constant,O
542,feeling,O
542,of,O
542,restlessness,B-SYMPTOM
542,is,O
542,overwhelming,O
543,Sometimes,O
543,I,O
543,suffer,O
543,from,O
543,restlessness,B-SYMPTOM
544,I,O
544,think,O
544,I,O
544,have,O
544,irritability,B-SYMPTOM
544,and,O
544,it's,O
544,getting,O
544,worse,O
545,I,O
545,have,O
545,been,O
545,experiencing,O
545,fatigue,B-SYMPTOM
545,lately,O
546,Living,O
546,with,O
546,panic,B-SYMPTOM
546,attacks,I-SYMPTOM
546,is,O
546,exhausting,O
547,paranoia,B-SYMPTOM
547,is,O
547,ruining,O
547,my,O
547,focus,O
547,and,O
547,peace,O
548,Sometimes,O
548,I,O
548,suffer,O
548,from,O
548,hallucinations,B-SYMPTOM
549,I,O
549,have,O
549,been,O
549,experiencing,O
549,insomnia,B-SYMPTOM
549,lately,O
550,My,O
550,doctor,O
550,said,O
550,it,O
550,could,O
550,be,O
550,fatigue,B-SYMPTOM
551,I,O
551,can't,O
551,sleep,O
551,because,O
551,of,O
551,anxiety,B-SYMPTOM
552,trouble,B-SYMPTOM
552,sleeping,I-SYMPTOM
552,is,O
552,ruining,O
552,my,O
552,focus,O
552,and,O
552,peace,O
553,I,O
553,think,O
553,I,O
553,have,O
553,fatigue,B-SYMPTOM
553,and,O
553,it's,O
553,getting,O
553,worse,O
554,Living,O
554,with,O
554,panic,B-SYMPTOM
554,attacks,I-SYMPTOM
554,is,O
554,exhausting,O
555,Sometimes,O
555,I,O
555,suffer,O
555,from,O
555,fear,B-SYMPTOM
556,The,O
556,constant,O
556,feeling,O
556,of,O
556,obsessive,B-SYMPTOM
556,thoughts,I-SYMPTOM
556,is,O
556,overwhelming,O
557,The,O
557,constant,O
557,feeling,O
557,of,O
557,irritability,B-SYMPTOM
557,is,O
557,overwhelming,O
558,I,O
558,can't,O
558,sleep,O
558,because,O
558,of,O
558,hallucinations,B-SYMPTOM
559,Recently,O
559,I,O
559,feel,O
559,low,B-SYMPTOM
559,self-esteem,I-SYMPTOM
559,and,O
559,it,O
559,affects,O
559,my,O
559,daily,O
559,life,O
560,My,O
560,doctor,O
560,said,O
560,it,O
560,could,O
560,be,O
560,depression,B-SYMPTOM
561,Sometimes,O
561,I,O
561,suffer,O
561,from,O
561,low,B-SYMPTOM
561,self-esteem,I-SYMPTOM
562,Recently,O
562,I,O
562,feel,O
562,compulsive,B-SYMPTOM
562,behavior,I-SYMPTOM
562,and,O
562,it,O
562,affects,O
562,my,O
562,daily,O
562,life,O
563,The,O
563,constant,O
563,feeling,O
563,of,O
563,panic,B-SYMPTOM
563,attacks,I-SYMPTOM
563,is,O
563,overwhelming,O
564,The,O
564,constant,O
564,feeling,O
564,of,O
564,fear,B-SYMPTOM
564,is,O
564,overwhelming,O
565,I,O
565,think,O
565,I,O
565,have,O
565,irritability,B-SYMPTOM
565,and,O
565,it's,O
565,getting,O
565,worse,O
566,Living,O
566,with,O
566,irritability,B-SYMPTOM
566,is,O
566,exhausting,O
567,My,O
567,doctor,O
567,said,O
567,it,O
567,could,O
567,be,O
567,compulsive,B-SYMPTOM
567,behavior,I-SYMPTOM
568,I,O
568,can't,O
568,sleep,O
568,because,O
568,of,O
568,anxiety,B-SYMPTOM
569,social,B-SYMPTOM
569,withdrawal,I-SYMPTOM
569,is,O
569,ruining,O
569,my,O
569,focus,O
569,and,O
569,peace,O
570,Recently,O
570,I,O
570,feel,O
570,compulsive,B-SYMPTOM
570,behavior,I-SYMPTOM
570,and,O
570,it,O
570,affects,O
570,my,O
570,daily,O
570,life,O
571,Recently,O
571,I,O
571,feel,O
571,paranoia,B-SYMPTOM
571,and,O
571,it,O
571,affects,O
571,my,O
571,daily,O
571,life,O
572,I,O
572,can't,O
572,sleep,O
572,because,O
572,of,O
572,low,B-SYMPTOM
572,self-esteem,I-SYMPTOM
573,The,O
573,constant,O
573,feeling,O
573,of,O
573,anxiety,B-SYMPTOM
573,is,O
573,overwhelming,O
574,My,O
574,doctor,O
574,said,O
574,it,O
574,could,O
574,be,O
574,compulsive,B-SYMPTOM
574,behavior,I-SYMPTOM
575,Sometimes,O
575,I,O
575,suffer,O
575,from,O
575,low,B-SYMPTOM
575,self-esteem,I-SYMPTOM
576,I,O
576,can't,O
576,sleep,O
576,because,O
576,of,O
576,mood,B-SYMPTOM
576,swings,I-SYMPTOM
577,I,O
577,have,O
577,been,O
577,experiencing,O
577,social,B-SYMPTOM
577,withdrawal,I-SYMPTOM
577,lately,O
578,My,O
578,doctor,O
578,said,O
578,it,O
578,could,O
578,be,O
578,anxiety,B-SYMPTOM
579,Sometimes,O
579,I,O
579,suffer,O
579,from,O
579,paranoia,B-SYMPTOM
580,It's,O
580,hard,O
580,to,O
580,deal,O
580,with,O
580,obsessive,B-SYMPTOM
580,thoughts,I-SYMPTOM
581,Living,O
581,with,O
581,compulsive,B-SYMPTOM
581,behavior,I-SYMPTOM
581,is,O
581,exhausting,O
582,My,O
582,doctor,O
582,said,O
582,it,O
582,could,O
582,be,O
582,compulsive,B-SYMPTOM
582,behavior,I-SYMPTOM
583,Living,O
583,with,O
583,low,B-SYMPTOM
583,self-esteem,I-SYMPTOM
583,is,O
583,exhausting,O
584,I,O
584,have,O
584,been,O
584,experiencing,O
584,low,B-SYMPTOM
584,self-esteem,I-SYMPTOM
584,lately,O
585,Living,O
585,with,O
585,depression,B-SYMPTOM
585,is,O
585,exhausting,O
586,I,O
586,think,O
586,I,O
586,have,O
586,low,B-SYMPTOM
586,self-esteem,I-SYMPTOM
586,and,O
586,it's,O
586,getting,O
586,worse,O
587,My,O
587,doctor,O
587,said,O
587,it,O
587,could,O
587,be,O
587,obsessive,B-SYMPTOM
587,thoughts,I-SYMPTOM
588,It's,O
588,hard,O
588,to,O
588,deal,O
588,with,O
588,panic,B-SYMPTOM
588,attacks,I-SYMPTOM
589,The,O
589,constant,O
589,feeling,O
589,of,O
589,irritability,B-SYMPTOM
589,is,O
589,overwhelming,O
590,I,O
590,can't,O
590,sleep,O
590,because,O
590,of,O
590,irritability,B-SYMPTOM
591,Sometimes,O
591,I,O
591,suffer,O
591,from,O
591,fatigue,B-SYMPTOM
592,I,O
592,think,O
592,I,O
592,have,O
592,fatigue,B-SYMPTOM
592,and,O
592,it's,O
592,getting,O
592,worse,O
593,I,O
593,have,O
593,been,O
593,experiencing,O
593,mood,B-SYMPTOM
593,swings,I-SYMPTOM
593,lately,O
594,nervousness,B-SYMPTOM
594,is,O
594,ruining,O
594,my,O
594,focus,O
594,and,O
594,peace,O
595,Sometimes,O
595,I,O
595,suffer,O
595,from,O
595,irritability,B-SYMPTOM
596,The,O
596,constant,O
596,feeling,O
596,of,O
596,paranoia,B-SYMPTOM
596,is,O
596,overwhelming,O
597,Recently,O
597,I,O
597,feel,O
597,trouble,B-SYMPTOM
597,sleeping,I-SYMPTOM
597,and,O
597,it,O
597,affects,O
597,my,O
597,daily,O
597,life,O
598,I,O
598,think,O
598,I,O
598,have,O
598,delusions,B-SYMPTOM
598,and,O
598,it's,O
598,getting,O
598,worse,O
599,I,O
599,think,O
599,I,O
599,have,O
599,compulsive,B-SYMPTOM
599,behavior,I-SYMPTOM
599,and,O
599,it's,O
599,getting,O
599,worse,O
600,The,O
600,constant,O
600,feeling,O
600,of,O
600,depression,B-SYMPTOM
600,is,O
600,overwhelming,O
601,I,O
601,can't,O
601,sleep,O
601,because,O
601,of,O
601,fatigue,B-SYMPTOM
602,I,O
602,think,O
602,I,O
602,have,O
602,obsessive,B-SYMPTOM
602,thoughts,I-SYMPTOM
602,and,O
602,it's,O
602,getting,O
602,worse,O
603,Living,O
603,with,O
603,compulsive,B-SYMPTOM
603,behavior,I-SYMPTOM
603,is,O
603,exhausting,O
604,The,O
604,constant,O
604,feeling,O
604,of,O
604,depression,B-SYMPTOM
604,is,O
604,overwhelming,O
605,Recently,O
605,I,O
605,feel,O
605,paranoia,B-SYMPTOM
605,and,O
605,it,O
605,affects,O
605,my,O
605,daily,O
605,life,O
606,My,O
606,doctor,O
606,said,O
606,it,O
606,could,O
606,be,O
606,panic,B-SYMPTOM
606,attacks,I-SYMPTOM
607,Recently,O
607,I,O
607,feel,O
607,nervousness,B-SYMPTOM
607,and,O
607,it,O
607,affects,O
607,my,O
607,daily,O
607,life,O
608,Living,O
608,with,O
608,hallucinations,B-SYMPTOM
608,is,O
608,exhausting,O
609,My,O
609,doctor,O
609,said,O
609,it,O
609,could,O
609,be,O
609,paranoia,B-SYMPTOM
610,Sometimes,O
610,I,O
610,suffer,O
610,from,O
610,paranoia,B-SYMPTOM
611,I,O
611,think,O
611,I,O
611,have,O
611,fear,B-SYMPTOM
611,and,O
611,it's,O
611,getting,O
611,worse,O
612,Recently,O
612,I,O
612,feel,O
612,compulsive,B-SYMPTOM
612,behavior,I-SYMPTOM
612,and,O
612,it,O
612,affects,O
612,my,O
612,daily,O
612,life,O
613,irritability,B-SYMPTOM
613,is,O
613,ruining,O
613,my,O
613,focus,O
613,and,O
613,peace,O
614,The,O
614,constant,O
614,feeling,O
614,of,O
614,anxiety,B-SYMPTOM
614,is,O
614,overwhelming,O
615,delusions,B-SYMPTOM
615,is,O
615,ruining,O
615,my,O
615,focus,O
615,and,O
615,peace,O
616,The,O
616,constant,O
616,feeling,O
616,of,O
616,nervousness,B-SYMPTOM
616,is,O
616,overwhelming,O
617,The,O
617,constant,O
617,feeling,O
617,of,O
617,social,B-SYMPTOM
617,withdrawal,I-SYMPTOM
617,is,O
617,overwhelming,O
618,Recently,O
618,I,O
618,feel,O
618,panic,B-SYMPTOM
618,attacks,I-SYMPTOM
618,and,O
618,it,O
618,affects,O
618,my,O
618,daily,O
618,life,O
619,irritability,B-SYMPTOM
619,is,O
619,ruining,O
619,my,O
619,focus,O
619,and,O
619,peace,O
620,I,O
620,think,O
620,I,O
620,have,O
620,mood,B-SYMPTOM
620,swings,I-SYMPTOM
620,and,O
620,it's,O
620,getting,O
620,worse,O
621,delusions,B-SYMPTOM
621,is,O
621,ruining,O
621,my,O
621,focus,O
621,and,O
621,peace,O
622,The,O
622,constant,O
622,feeling,O
622,of,O
622,delusions,B-SYMPTOM
622,is,O
622,overwhelming,O
623,Recently,O
623,I,O
623,feel,O
623,delusions,B-SYMPTOM
623,and,O
623,it,O
623,affects,O
623,my,O
623,daily,O
623,life,O
624,Sometimes,O
624,I,O
624,suffer,O
624,from,O
624,hallucinations,B-SYMPTOM
625,It's,O
625,hard,O
625,to,O
625,deal,O
625,with,O
625,fear,B-SYMPTOM
626,Sometimes,O
626,I,O
626,suffer,O
626,from,O
626,depression,B-SYMPTOM
627,insomnia,B-SYMPTOM
627,is,O
627,ruining,O
627,my,O
627,focus,O
627,and,O
627,peace,O
628,panic,B-SYMPTOM
628,attacks,I-SYMPTOM
628,is,O
628,ruining,O
628,my,O
628,focus,O
628,and,O
628,peace,O
629,I,O
629,think,O
629,I,O
629,have,O
629,restlessness,B-SYMPTOM
629,and,O
629,it's,O
629,getting,O
629,worse,O
630,It's,O
630,hard,O
630,to,O
630,deal,O
630,with,O
630,obsessive,B-SYMPTOM
630,thoughts,I-SYMPTOM
631,It's,O
631,hard,O
631,to,O
631,deal,O
631,with,O
631,panic,B-SYMPTOM
631,attacks,I-SYMPTOM
632,Living,O
632,with,O
632,hallucinations,B-SYMPTOM
632,is,O
632,exhausting,O
633,My,O
633,doctor,O
633,said,O
633,it,O
633,could,O
633,be,O
633,depression,B-SYMPTOM
634,It's,O
634,hard,O
634,to,O
634,deal,O
634,with,O
634,low,B-SYMPTOM
634,self-esteem,I-SYMPTOM
635,trouble,B-SYMPTOM
635,sleeping,I-SYMPTOM
635,is,O
635,ruining,O
635,my,O
635,focus,O
635,and,O
635,peace,O
636,Sometimes,O
636,I,O
636,suffer,O
636,from,O
636,anxiety,B-SYMPTOM
637,The,O
637,constant,O
637,feeling,O
637,of,O
637,fatigue,B-SYMPTOM
637,is,O
637,overwhelming,O
638,Recently,O
638,I,O
638,feel,O
638,fear,B-SYMPTOM
638,and,O
638,it,O
638,affects,O
638,my,O
638,daily,O
638,life,O
639,It's,O
639,hard,O
639,to,O
639,deal,O
639,with,O
639,mood,B-SYMPTOM
639,swings,I-SYMPTOM
640,It's,O
640,hard,O
640,to,O
640,deal,O
640,with,O
640,trouble,B-SYMPTOM
640,sleeping,I-SYMPTOM
641,I,O
641,think,O
641,I,O
641,have,O
641,nervousness,B-SYMPTOM
641,and,O
641,it's,O
641,getting,O
641,worse,O
642,It's,O
642,hard,O
642,to,O
642,deal,O
642,with,O
642,mood,B-SYMPTOM
642,swings,I-SYMPTOM
643,I,O
643,have,O
643,been,O
643,experiencing,O
643,low,B-SYMPTOM
643,self-esteem,I-SYMPTOM
643,lately,O
644,Recently,O
644,I,O
644,feel,O
644,delusions,B-SYMPTOM
644,and,O
644,it,O
644,affects,O
644,my,O
644,daily,O
644,life,O
645,I,O
645,can't,O
645,sleep,O
645,because,O
645,of,O
645,panic,B-SYMPTOM
645,attacks,I-SYMPTOM
646,Sometimes,O
646,I,O
646,suffer,O
646,from,O
646,nervousness,B-SYMPTOM
647,fear,B-SYMPTOM
647,is,O
647,ruining,O
647,my,O
647,focus,O
647,and,O
647,peace,O
648,Living,O
648,with,O
648,compulsive,B-SYMPTOM
648,behavior,I-SYMPTOM
648,is,O
648,exhausting,O
649,Living,O
649,with,O
649,mood,B-SYMPTOM
649,swings,I-SYMPTOM
649,is,O
649,exhausting,O
650,I,O
650,have,O
650,been,O
650,experiencing,O
650,social,B-SYMPTOM
650,withdrawal,I-SYMPTOM
650,lately,O
651,I,O
651,have,O
651,been,O
651,experiencing,O
651,social,B-SYMPTOM
651,withdrawal,I-SYMPTOM
651,lately,O
652,Living,O
652,with,O
652,restlessness,B-SYMPTOM
652,is,O
652,exhausting,O
653,I,O
653,think,O
653,I,O
653,have,O
653,insomnia,B-SYMPTOM
653,and,O
653,it's,O
653,getting,O
653,worse,O
654,The,O
654,constant,O
654,feeling,O
654,of,O
654,trouble,B-SYMPTOM
654,sleeping,I-SYMPTOM
654,is,O
654,overwhelming,O
655,I,O
655,can't,O
655,sleep,O
655,because,O
655,of,O
655,restlessness,B-SYMPTOM
656,I,O
656,think,O
656,I,O
656,have,O
656,social,B-SYMPTOM
656,withdrawal,I-SYMPTOM
656,and,O
656,it's,O
656,getting,O
656,worse,O
657,It's,O
657,hard,O
657,to,O
657,deal,O
657,with,O
657,trouble,B-SYMPTOM
657,sleeping,I-SYMPTOM
658,Sometimes,O
658,I,O
658,suffer,O
658,from,O
658,nervousness,B-SYMPTOM
659,Living,O
659,with,O
659,hallucinations,B-SYMPTOM
659,is,O
659,exhausting,O
660,I,O
660,can't,O
660,sleep,O
660,because,O
660,of,O
660,fear,B-SYMPTOM
661,Recently,O
661,I,O
661,feel,O
661,hallucinations,B-SYMPTOM
661,and,O
661,it,O
661,affects,O
661,my,O
661,daily,O
661,life,O
662,It's,O
662,hard,O
662,to,O
662,deal,O
662,with,O
662,fear,B-SYMPTOM
663,depression,B-SYMPTOM
663,is,O
663,ruining,O
663,my,O
663,focus,O
663,and,O
663,peace,O
664,I,O
664,can't,O
664,sleep,O
664,because,O
664,of,O
664,nervousness,B-SYMPTOM
665,Living,O
665,with,O
665,fatigue,B-SYMPTOM
665,is,O
665,exhausting,O
666,I,O
666,have,O
666,been,O
666,experiencing,O
666,fatigue,B-SYMPTOM
666,lately,O
667,My,O
667,doctor,O
667,said,O
667,it,O
667,could,O
667,be,O
667,nervousness,B-SYMPTOM
668,The,O
668,constant,O
668,feeling,O
668,of,O
668,delusions,B-SYMPTOM
668,is,O
668,overwhelming,O
669,Living,O
669,with,O
669,paranoia,B-SYMPTOM
669,is,O
669,exhausting,O
670,The,O
670,constant,O
670,feeling,O
670,of,O
670,paranoia,B-SYMPTOM
670,is,O
670,overwhelming,O
671,My,O
671,doctor,O
671,said,O
671,it,O
671,could,O
671,be,O
671,social,B-SYMPTOM
671,withdrawal,I-SYMPTOM
672,Sometimes,O
672,I,O
672,suffer,O
672,from,O
672,panic,B-SYMPTOM
672,attacks,I-SYMPTOM
673,My,O
673,doctor,O
673,said,O
673,it,O
673,could,O
673,be,O
673,hallucinations,B-SYMPTOM
674,I,O
674,can't,O
674,sleep,O
674,because,O
674,of,O
674,anxiety,B-SYMPTOM
675,The,O
675,constant,O
675,feeling,O
675,of,O
675,depression,B-SYMPTOM
675,is,O
675,overwhelming,O
676,Recently,O
676,I,O
676,feel,O
676,paranoia,B-SYMPTOM
676,and,O
676,it,O
676,affects,O
676,my,O
676,daily,O
676,life,O
677,I,O
677,have,O
677,been,O
677,experiencing,O
677,nervousness,B-SYMPTOM
677,lately,O
678,Recently,O
678,I,O
678,feel,O
678,hallucinations,B-SYMPTOM
678,and,O
678,it,O
678,affects,O
678,my,O
678,daily,O
678,life,O
679,Sometimes,O
679,I,O
679,suffer,O
679,from,O
679,compulsive,B-SYMPTOM
679,behavior,I-SYMPTOM
680,I,O
680,think,O
680,I,O
680,have,O
680,hallucinations,B-SYMPTOM
680,and,O
680,it's,O
680,getting,O
680,worse,O
681,My,O
681,doctor,O
681,said,O
681,it,O
681,could,O
681,be,O
681,hallucinations,B-SYMPTOM
682,I,O
682,can't,O
682,sleep,O
682,because,O
682,of,O
682,fatigue,B-SYMPTOM
683,My,O
683,doctor,O
683,said,O
683,it,O
683,could,O
683,be,O
683,obsessive,B-SYMPTOM
683,thoughts,I-SYMPTOM
684,I,O
684,can't,O
684,sleep,O
684,because,O
684,of,O
684,hallucinations,B-SYMPTOM
685,I,O
685,think,O
685,I,O
685,have,O
685,social,B-SYMPTOM
685,withdrawal,I-SYMPTOM
685,and,O
685,it's,O
685,getting,O
685,worse,O
686,paranoia,B-SYMPTOM
686,is,O
686,ruining,O
686,my,O
686,focus,O
686,and,O
686,peace,O
687,It's,O
687,hard,O
687,to,O
687,deal,O
687,with,O
687,depression,B-SYMPTOM
688,Recently,O
688,I,O
688,feel,O
688,obsessive,B-SYMPTOM
688,thoughts,I-SYMPTOM
688,and,O
688,it,O
688,affects,O
688,my,O
688,daily,O
688,life,O
689,I,O
689,can't,O
689,sleep,O
689,because,O
689,of,O
689,restlessness,B-SYMPTOM
690,nervousness,B-SYMPTOM
690,is,O
690,ruining,O
690,my,O
690,focus,O
690,and,O
690,peace,O
691,obsessive,B-SYMPTOM
691,thoughts,I-SYMPTOM
691,is,O
691,ruining,O
691,my,O
691,focus,O
691,and,O
691,peace,O
692,I,O
692,think,O
692,I,O
692,have,O
692,low,B-SYMPTOM
692,self-esteem,I-SYMPTOM
692,and,O
692,it's,O
692,getting,O
692,worse,O
693,I,O
693,think,O
693,I,O
693,have,O
693,mood,B-SYMPTOM
693,swings,I-SYMPTOM
693,and,O
693,it's,O
693,getting,O
693,worse,O
694,The,O
694,constant,O
694,feeling,O
694,of,O
694,depression,B-SYMPTOM
694,is,O
694,overwhelming,O
695,Recently,O
695,I,O
695,feel,O
695,panic,B-SYMPTOM
695,attacks,I-SYMPTOM
695,and,O
695,it,O
695,affects,O
695,my,O
695,daily,O
695,life,O
696,I,O
696,can't,O
696,sleep,O
696,because,O
696,of,O
696,fear,B-SYMPTOM
697,My,O
697,doctor,O
697,said,O
697,it,O
697,could,O
697,be,O
697,delusions,B-SYMPTOM
698,I,O
698,think,O
698,I,O
698,have,O
698,fatigue,B-SYMPTOM
698,and,O
698,it's,O
698,getting,O
698,worse,O
699,The,O
699,constant,O
699,feeling,O
699,of,O
699,low,B-SYMPTOM
699,self-esteem,I-SYMPTOM
699,is,O
699,overwhelming,O
700,I,O
700,think,O
700,I,O
700,have,O
700,panic,B-SYMPTOM
700,attacks,I-SYMPTOM
700,and,O
700,it's,O
700,getting,O
700,worse,O
701,My,O
701,doctor,O
701,said,O
701,it,O
701,could,O
701,be,O
701,paranoia,B-SYMPTOM
702,I,O
702,think,O
702,I,O
702,have,O
702,obsessive,B-SYMPTOM
702,thoughts,I-SYMPTOM
702,and,O
702,it's,O
702,getting,O
702,worse,O
703,Sometimes,O
703,I,O
703,suffer,O
703,from,O
703,social,B-SYMPTOM
703,withdrawal,I-SYMPTOM
704,The,O
704,constant,O
704,feeling,O
704,of,O
704,social,B-SYMPTOM
704,withdrawal,I-SYMPTOM
704,is,O
704,overwhelming,O
705,Sometimes,O
705,I,O
705,suffer,O
705,from,O
705,delusions,B-SYMPTOM
706,My,O
706,doctor,O
706,said,O
706,it,O
706,could,O
706,be,O
706,nervousness,B-SYMPTOM
707,My,O
707,doctor,O
707,said,O
707,it,O
707,could,O
707,be,O
707,compulsive,B-SYMPTOM
707,behavior,I-SYMPTOM
708,I,O
708,can't,O
708,sleep,O
708,because,O
708,of,O
708,insomnia,B-SYMPTOM
709,Recently,O
709,I,O
709,feel,O
709,anxiety,B-SYMPTOM
709,and,O
709,it,O
709,affects,O
709,my,O
709,daily,O
709,life,O
710,I,O
710,can't,O
710,sleep,O
710,because,O
710,of,O
710,insomnia,B-SYMPTOM
711,Sometimes,O
711,I,O
711,suffer,O
711,from,O
711,mood,B-SYMPTOM
711,swings,I-SYMPTOM
712,Sometimes,O
712,I,O
712,suffer,O
712,from,O
712,delusions,B-SYMPTOM
713,Recently,O
713,I,O
713,feel,O
713,mood,B-SYMPTOM
713,swings,I-SYMPTOM
713,and,O
713,it,O
713,affects,O
713,my,O
713,daily,O
713,life,O
714,I,O
714,have,O
714,been,O
714,experiencing,O
714,fatigue,B-SYMPTOM
714,lately,O
715,I,O
715,have,O
715,been,O
715,experiencing,O
715,insomnia,B-SYMPTOM
715,lately,O
716,The,O
716,constant,O
716,feeling,O
716,of,O
716,depression,B-SYMPTOM
716,is,O
716,overwhelming,O
717,It's,O
717,hard,O
717,to,O
717,deal,O
717,with,O
717,depression,B-SYMPTOM
718,Recently,O
718,I,O
718,feel,O
718,paranoia,B-SYMPTOM
718,and,O
718,it,O
718,affects,O
718,my,O
718,daily,O
718,life,O
719,Recently,O
719,I,O
719,feel,O
719,social,B-SYMPTOM
719,withdrawal,I-SYMPTOM
719,and,O
719,it,O
719,affects,O
719,my,O
719,daily,O
719,life,O
720,Living,O
720,with,O
720,depression,B-SYMPTOM
720,is,O
720,exhausting,O
721,I,O
721,think,O
721,I,O
721,have,O
721,trouble,B-SYMPTOM
721,sleeping,I-SYMPTOM
721,and,O
721,it's,O
721,getting,O
721,worse,O
722,Sometimes,O
722,I,O
722,suffer,O
722,from,O
722,panic,B-SYMPTOM
722,attacks,I-SYMPTOM
723,I,O
723,think,O
723,I,O
723,have,O
723,fatigue,B-SYMPTOM
723,and,O
723,it's,O
723,getting,O
723,worse,O
724,I,O
724,have,O
724,been,O
724,experiencing,O
724,trouble,B-SYMPTOM
724,sleeping,I-SYMPTOM
724,lately,O
725,The,O
725,constant,O
725,feeling,O
725,of,O
725,compulsive,B-SYMPTOM
725,behavior,I-SYMPTOM
725,is,O
725,overwhelming,O
726,Recently,O
726,I,O
726,feel,O
726,delusions,B-SYMPTOM
726,and,O
726,it,O
726,affects,O
726,my,O
726,daily,O
726,life,O
727,Sometimes,O
727,I,O
727,suffer,O
727,from,O
727,fear,B-SYMPTOM
728,I,O
728,have,O
728,been,O
728,experiencing,O
728,social,B-SYMPTOM
728,withdrawal,I-SYMPTOM
728,lately,O
729,It's,O
729,hard,O
729,to,O
729,deal,O
729,with,O
729,panic,B-SYMPTOM
729,attacks,I-SYMPTOM
730,Living,O
730,with,O
730,paranoia,B-SYMPTOM
730,is,O
730,exhausting,O
731,I,O
731,can't,O
731,sleep,O
731,because,O
731,of,O
731,depression,B-SYMPTOM
732,Recently,O
732,I,O
732,feel,O
732,anxiety,B-SYMPTOM
732,and,O
732,it,O
732,affects,O
732,my,O
732,daily,O
732,life,O
733,low,B-SYMPTOM
733,self-esteem,I-SYMPTOM
733,is,O
733,ruining,O
733,my,O
733,focus,O
733,and,O
733,peace,O
734,Living,O
734,with,O
734,anxiety,B-SYMPTOM
734,is,O
734,exhausting,O
735,Recently,O
735,I,O
735,feel,O
735,obsessive,B-SYMPTOM
735,thoughts,I-SYMPTOM
735,and,O
735,it,O
735,affects,O
735,my,O
735,daily,O
735,life,O
736,low,B-SYMPTOM
736,self-esteem,I-SYMPTOM
736,is,O
736,ruining,O
736,my,O
736,focus,O
736,and,O
736,peace,O
737,The,O
737,constant,O
737,feeling,O
737,of,O
737,fatigue,B-SYMPTOM
737,is,O
737,overwhelming,O
738,I,O
738,have,O
738,been,O
738,experiencing,O
738,anxiety,B-SYMPTOM
738,lately,O
739,My,O
739,doctor,O
739,said,O
739,it,O
739,could,O
739,be,O
739,low,B-SYMPTOM
739,self-esteem,I-SYMPTOM
740,compulsive,B-SYMPTOM
740,behavior,I-SYMPTOM
740,is,O
740,ruining,O
740,my,O
740,focus,O
740,and,O
740,peace,O
741,depression,B-SYMPTOM
741,is,O
741,ruining,O
741,my,O
741,focus,O
741,and,O
741,peace,O
742,anxiety,B-SYMPTOM
742,is,O
742,ruining,O
742,my,O
742,focus,O
742,and,O
742,peace,O
743,The,O
743,constant,O
743,feeling,O
743,of,O
743,insomnia,B-SYMPTOM
743,is,O
743,overwhelming,O
744,Living,O
744,with,O
744,nervousness,B-SYMPTOM
744,is,O
744,exhausting,O
745,Living,O
745,with,O
745,anxiety,B-SYMPTOM
745,is,O
745,exhausting,O
746,The,O
746,constant,O
746,feeling,O
746,of,O
746,trouble,B-SYMPTOM
746,sleeping,I-SYMPTOM
746,is,O
746,overwhelming,O
747,Recently,O
747,I,O
747,feel,O
747,nervousness,B-SYMPTOM
747,and,O
747,it,O
747,affects,O
747,my,O
747,daily,O
747,life,O
748,I,O
748,have,O
748,been,O
748,experiencing,O
748,fear,B-SYMPTOM
748,lately,O
749,I,O
749,can't,O
749,sleep,O
749,because,O
749,of,O
749,hallucinations,B-SYMPTOM
750,I,O
750,can't,O
750,sleep,O
750,because,O
750,of,O
750,panic,B-SYMPTOM
750,attacks,I-SYMPTOM
751,I,O
751,can't,O
751,sleep,O
751,because,O
751,of,O
751,paranoia,B-SYMPTOM
752,My,O
752,doctor,O
752,said,O
752,it,O
752,could,O
752,be,O
752,depression,B-SYMPTOM
753,The,O
753,constant,O
753,feeling,O
753,of,O
753,nervousness,B-SYMPTOM
753,is,O
753,overwhelming,O
754,hallucinations,B-SYMPTOM
754,is,O
754,ruining,O
754,my,O
754,focus,O
754,and,O
754,peace,O
755,Recently,O
755,I,O
755,feel,O
755,paranoia,B-SYMPTOM
755,and,O
755,it,O
755,affects,O
755,my,O
755,daily,O
755,life,O
756,I,O
756,have,O
756,been,O
756,experiencing,O
756,delusions,B-SYMPTOM
756,lately,O
757,I,O
757,have,O
757,been,O
757,experiencing,O
757,obsessive,B-SYMPTOM
757,thoughts,I-SYMPTOM
757,lately,O
758,Recently,O
758,I,O
758,feel,O
758,obsessive,B-SYMPTOM
758,thoughts,I-SYMPTOM
758,and,O
758,it,O
758,affects,O
758,my,O
758,daily,O
758,life,O
759,Sometimes,O
759,I,O
759,suffer,O
759,from,O
759,panic,B-SYMPTOM
759,attacks,I-SYMPTOM
760,My,O
760,doctor,O
760,said,O
760,it,O
760,could,O
760,be,O
760,hallucinations,B-SYMPTOM
761,I,O
761,have,O
761,been,O
761,experiencing,O
761,anxiety,B-SYMPTOM
761,lately,O
762,Living,O
762,with,O
762,hallucinations,B-SYMPTOM
762,is,O
762,exhausting,O
763,Sometimes,O
763,I,O
763,suffer,O
763,from,O
763,hallucinations,B-SYMPTOM
764,I,O
764,have,O
764,been,O
764,experiencing,O
764,trouble,B-SYMPTOM
764,sleeping,I-SYMPTOM
764,lately,O
765,paranoia,B-SYMPTOM
765,is,O
765,ruining,O
765,my,O
765,focus,O
765,and,O
765,peace,O
766,I,O
766,have,O
766,been,O
766,experiencing,O
766,hallucinations,B-SYMPTOM
766,lately,O
767,I,O
767,can't,O
767,sleep,O
767,because,O
767,of,O
767,social,B-SYMPTOM
767,withdrawal,I-SYMPTOM
768,I,O
768,think,O
768,I,O
768,have,O
768,nervousness,B-SYMPTOM
768,and,O
768,it's,O
768,getting,O
768,worse,O
769,The,O
769,constant,O
769,feeling,O
769,of,O
769,low,B-SYMPTOM
769,self-esteem,I-SYMPTOM
769,is,O
769,overwhelming,O
770,Sometimes,O
770,I,O
770,suffer,O
770,from,O
770,restlessness,B-SYMPTOM
771,irritability,B-SYMPTOM
771,is,O
771,ruining,O
771,my,O
771,focus,O
771,and,O
771,peace,O
772,It's,O
772,hard,O
772,to,O
772,deal,O
772,with,O
772,fatigue,B-SYMPTOM
773,The,O
773,constant,O
773,feeling,O
773,of,O
773,depression,B-SYMPTOM
773,is,O
773,overwhelming,O
774,I,O
774,have,O
774,been,O
774,experiencing,O
774,fatigue,B-SYMPTOM
774,lately,O
775,I,O
775,have,O
775,been,O
775,experiencing,O
775,fatigue,B-SYMPTOM
775,lately,O
776,Living,O
776,with,O
776,delusions,B-SYMPTOM
776,is,O
776,exhausting,O
777,insomnia,B-SYMPTOM
777,is,O
777,ruining,O
777,my,O
777,focus,O
777,and,O
777,peace,O
778,Recently,O
778,I,O
778,feel,O
778,depression,B-SYMPTOM
778,and,O
778,it,O
778,affects,O
778,my,O
778,daily,O
778,life,O
779,I,O
779,can't,O
779,sleep,O
779,because,O
779,of,O
779,compulsive,B-SYMPTOM
779,behavior,I-SYMPTOM
780,I,O
780,have,O
780,been,O
780,experiencing,O
780,obsessive,B-SYMPTOM
780,thoughts,I-SYMPTOM
780,lately,O
781,I,O
781,have,O
781,been,O
781,experiencing,O
781,social,B-SYMPTOM
781,withdrawal,I-SYMPTOM
781,lately,O
782,compulsive,B-SYMPTOM
782,behavior,I-SYMPTOM
782,is,O
782,ruining,O
782,my,O
782,focus,O
782,and,O
782,peace,O
783,My,O
783,doctor,O
783,said,O
783,it,O
783,could,O
783,be,O
783,delusions,B-SYMPTOM
784,Living,O
784,with,O
784,paranoia,B-SYMPTOM
784,is,O
784,exhausting,O
785,Sometimes,O
785,I,O
785,suffer,O
785,from,O
785,irritability,B-SYMPTOM
786,I,O
786,can't,O
786,sleep,O
786,because,O
786,of,O
786,paranoia,B-SYMPTOM
787,Recently,O
787,I,O
787,feel,O
787,fear,B-SYMPTOM
787,and,O
787,it,O
787,affects,O
787,my,O
787,daily,O
787,life,O
788,My,O
788,doctor,O
788,said,O
788,it,O
788,could,O
788,be,O
788,social,B-SYMPTOM
788,withdrawal,I-SYMPTOM
789,I,O
789,can't,O
789,sleep,O
789,because,O
789,of,O
789,trouble,B-SYMPTOM
789,sleeping,I-SYMPTOM
790,Recently,O
790,I,O
790,feel,O
790,depression,B-SYMPTOM
790,and,O
790,it,O
790,affects,O
790,my,O
790,daily,O
790,life,O
791,Living,O
791,with,O
791,delusions,B-SYMPTOM
791,is,O
791,exhausting,O
792,I,O
792,think,O
792,I,O
792,have,O
792,fear,B-SYMPTOM
792,and,O
792,it's,O
792,getting,O
792,worse,O
793,I,O
793,have,O
793,been,O
793,experiencing,O
793,delusions,B-SYMPTOM
793,lately,O
794,I,O
794,can't,O
794,sleep,O
794,because,O
794,of,O
794,social,B-SYMPTOM
794,withdrawal,I-SYMPTOM
795,I,O
795,have,O
795,been,O
795,experiencing,O
795,hallucinations,B-SYMPTOM
795,lately,O
796,Living,O
796,with,O
796,nervousness,B-SYMPTOM
796,is,O
796,exhausting,O
797,The,O
797,constant,O
797,feeling,O
797,of,O
797,trouble,B-SYMPTOM
797,sleeping,I-SYMPTOM
797,is,O
797,overwhelming,O
798,My,O
798,doctor,O
798,said,O
798,it,O
798,could,O
798,be,O
798,anxiety,B-SYMPTOM
799,I,O
799,think,O
799,I,O
799,have,O
799,delusions,B-SYMPTOM
799,and,O
799,it's,O
799,getting,O
799,worse,O
800,My,O
800,doctor,O
800,said,O
800,it,O
800,could,O
800,be,O
800,low,B-SYMPTOM
800,self-esteem,I-SYMPTOM
801,Sometimes,O
801,I,O
801,suffer,O
801,from,O
801,anxiety,B-SYMPTOM
802,I,O
802,have,O
802,been,O
802,experiencing,O
802,paranoia,B-SYMPTOM
802,lately,O
803,My,O
803,doctor,O
803,said,O
803,it,O
803,could,O
803,be,O
803,social,B-SYMPTOM
803,withdrawal,I-SYMPTOM
804,My,O
804,doctor,O
804,said,O
804,it,O
804,could,O
804,be,O
804,anxiety,B-SYMPTOM
805,I,O
805,can't,O
805,sleep,O
805,because,O
805,of,O
805,mood,B-SYMPTOM
805,swings,I-SYMPTOM
806,The,O
806,constant,O
806,feeling,O
806,of,O
806,hallucinations,B-SYMPTOM
806,is,O
806,overwhelming,O
807,I,O
807,think,O
807,I,O
807,have,O
807,hallucinations,B-SYMPTOM
807,and,O
807,it's,O
807,getting,O
807,worse,O
808,Living,O
808,with,O
808,trouble,B-SYMPTOM
808,sleeping,I-SYMPTOM
808,is,O
808,exhausting,O
809,My,O
809,doctor,O
809,said,O
809,it,O
809,could,O
809,be,O
809,restlessness,B-SYMPTOM
810,Living,O
810,with,O
810,low,B-SYMPTOM
810,self-esteem,I-SYMPTOM
810,is,O
810,exhausting,O
811,I,O
811,have,O
811,been,O
811,experiencing,O
811,irritability,B-SYMPTOM
811,lately,O
812,Living,O
812,with,O
812,social,B-SYMPTOM
812,withdrawal,I-SYMPTOM
812,is,O
812,exhausting,O
813,The,O
813,constant,O
813,feeling,O
813,of,O
813,depression,B-SYMPTOM
813,is,O
813,overwhelming,O
814,Sometimes,O
814,I,O
814,suffer,O
814,from,O
814,fear,B-SYMPTOM
815,The,O
815,constant,O
815,feeling,O
815,of,O
815,paranoia,B-SYMPTOM
815,is,O
815,overwhelming,O
816,I,O
816,can't,O
816,sleep,O
816,because,O
816,of,O
816,anxiety,B-SYMPTOM
817,depression,B-SYMPTOM
817,is,O
817,ruining,O
817,my,O
817,focus,O
817,and,O
817,peace,O
818,The,O
818,constant,O
818,feeling,O
818,of,O
818,irritability,B-SYMPTOM
818,is,O
818,overwhelming,O
819,I,O
819,have,O
819,been,O
819,experiencing,O
819,panic,B-SYMPTOM
819,attacks,I-SYMPTOM
819,lately,O
820,It's,O
820,hard,O
820,to,O
820,deal,O
820,with,O
820,trouble,B-SYMPTOM
820,sleeping,I-SYMPTOM
821,restlessness,B-SYMPTOM
821,is,O
821,ruining,O
821,my,O
821,focus,O
821,and,O
821,peace,O
822,The,O
822,constant,O
822,feeling,O
822,of,O
822,nervousness,B-SYMPTOM
822,is,O
822,overwhelming,O
823,fatigue,B-SYMPTOM
823,is,O
823,ruining,O
823,my,O
823,focus,O
823,and,O
823,peace,O
824,My,O
824,doctor,O
824,said,O
824,it,O
824,could,O
824,be,O
824,hallucinations,B-SYMPTOM
825,Sometimes,O
825,I,O
825,suffer,O
825,from,O
825,trouble,B-SYMPTOM
825,sleeping,I-SYMPTOM
826,compulsive,B-SYMPTOM
826,behavior,I-SYMPTOM
826,is,O
826,ruining,O
826,my,O
826,focus,O
826,and,O
826,peace,O
827,The,O
827,constant,O
827,feeling,O
827,of,O
827,restlessness,B-SYMPTOM
827,is,O
827,overwhelming,O
828,I,O
828,can't,O
828,sleep,O
828,because,O
828,of,O
828,obsessive,B-SYMPTOM
828,thoughts,I-SYMPTOM
829,Recently,O
829,I,O
829,feel,O
829,mood,B-SYMPTOM
829,swings,I-SYMPTOM
829,and,O
829,it,O
829,affects,O
829,my,O
829,daily,O
829,life,O
830,social,B-SYMPTOM
830,withdrawal,I-SYMPTOM
830,is,O
830,ruining,O
830,my,O
830,focus,O
830,and,O
830,peace,O
831,Living,O
831,with,O
831,obsessive,B-SYMPTOM
831,thoughts,I-SYMPTOM
831,is,O
831,exhausting,O
832,The,O
832,constant,O
832,feeling,O
832,of,O
832,trouble,B-SYMPTOM
832,sleeping,I-SYMPTOM
832,is,O
832,overwhelming,O
833,My,O
833,doctor,O
833,said,O
833,it,O
833,could,O
833,be,O
833,insomnia,B-SYMPTOM
834,I,O
834,can't,O
834,sleep,O
834,because,O
834,of,O
834,fatigue,B-SYMPTOM
835,Living,O
835,with,O
835,hallucinations,B-SYMPTOM
835,is,O
835,exhausting,O
836,I,O
836,can't,O
836,sleep,O
836,because,O
836,of,O
836,hallucinations,B-SYMPTOM
837,Sometimes,O
837,I,O
837,suffer,O
837,from,O
837,low,B-SYMPTOM
837,self-esteem,I-SYMPTOM
838,My,O
838,doctor,O
838,said,O
838,it,O
838,could,O
838,be,O
838,social,B-SYMPTOM
838,withdrawal,I-SYMPTOM
839,Recently,O
839,I,O
839,feel,O
839,compulsive,B-SYMPTOM
839,behavior,I-SYMPTOM
839,and,O
839,it,O
839,affects,O
839,my,O
839,daily,O
839,life,O
840,The,O
840,constant,O
840,feeling,O
840,of,O
840,social,B-SYMPTOM
840,withdrawal,I-SYMPTOM
840,is,O
840,overwhelming,O
841,It's,O
841,hard,O
841,to,O
841,deal,O
841,with,O
841,fatigue,B-SYMPTOM
842,I,O
842,think,O
842,I,O
842,have,O
842,compulsive,B-SYMPTOM
842,behavior,I-SYMPTOM
842,and,O
842,it's,O
842,getting,O
842,worse,O
843,Living,O
843,with,O
843,irritability,B-SYMPTOM
843,is,O
843,exhausting,O
844,I,O
844,think,O
844,I,O
844,have,O
844,compulsive,B-SYMPTOM
844,behavior,I-SYMPTOM
844,and,O
844,it's,O
844,getting,O
844,worse,O
845,The,O
845,constant,O
845,feeling,O
845,of,O
845,depression,B-SYMPTOM
845,is,O
845,overwhelming,O
846,Living,O
846,with,O
846,anxiety,B-SYMPTOM
846,is,O
846,exhausting,O
847,Living,O
847,with,O
847,fear,B-SYMPTOM
847,is,O
847,exhausting,O
848,My,O
848,doctor,O
848,said,O
848,it,O
848,could,O
848,be,O
848,mood,B-SYMPTOM
848,swings,I-SYMPTOM
849,My,O
849,doctor,O
849,said,O
849,it,O
849,could,O
849,be,O
849,irritability,B-SYMPTOM
850,I,O
850,think,O
850,I,O
850,have,O
850,panic,B-SYMPTOM
850,attacks,I-SYMPTOM
850,and,O
850,it's,O
850,getting,O
850,worse,O
851,It's,O
851,hard,O
851,to,O
851,deal,O
851,with,O
851,obsessive,B-SYMPTOM
851,thoughts,I-SYMPTOM
852,The,O
852,constant,O
852,feeling,O
852,of,O
852,low,B-SYMPTOM
852,self-esteem,I-SYMPTOM
852,is,O
852,overwhelming,O
853,nervousness,B-SYMPTOM
853,is,O
853,ruining,O
853,my,O
853,focus,O
853,and,O
853,peace,O
854,I,O
854,can't,O
854,sleep,O
854,because,O
854,of,O
854,anxiety,B-SYMPTOM
855,social,B-SYMPTOM
855,withdrawal,I-SYMPTOM
855,is,O
855,ruining,O
855,my,O
855,focus,O
855,and,O
855,peace,O
856,Sometimes,O
856,I,O
856,suffer,O
856,from,O
856,fatigue,B-SYMPTOM
857,Recently,O
857,I,O
857,feel,O
857,fatigue,B-SYMPTOM
857,and,O
857,it,O
857,affects,O
857,my,O
857,daily,O
857,life,O
858,I,O
858,have,O
858,been,O
858,experiencing,O
858,trouble,B-SYMPTOM
858,sleeping,I-SYMPTOM
858,lately,O
859,I,O
859,think,O
859,I,O
859,have,O
859,delusions,B-SYMPTOM
859,and,O
859,it's,O
859,getting,O
859,worse,O
860,Recently,O
860,I,O
860,feel,O
860,panic,B-SYMPTOM
860,attacks,I-SYMPTOM
860,and,O
860,it,O
860,affects,O
860,my,O
860,daily,O
860,life,O
861,My,O
861,doctor,O
861,said,O
861,it,O
861,could,O
861,be,O
861,restlessness,B-SYMPTOM
862,It's,O
862,hard,O
862,to,O
862,deal,O
862,with,O
862,depression,B-SYMPTOM
863,It's,O
863,hard,O
863,to,O
863,deal,O
863,with,O
863,restlessness,B-SYMPTOM
864,It's,O
864,hard,O
864,to,O
864,deal,O
864,with,O
864,irritability,B-SYMPTOM
865,My,O
865,doctor,O
865,said,O
865,it,O
865,could,O
865,be,O
865,nervousness,B-SYMPTOM
866,Sometimes,O
866,I,O
866,suffer,O
866,from,O
866,anxiety,B-SYMPTOM
867,I,O
867,have,O
867,been,O
867,experiencing,O
867,panic,B-SYMPTOM
867,attacks,I-SYMPTOM
867,lately,O
868,The,O
868,constant,O
868,feeling,O
868,of,O
868,panic,B-SYMPTOM
868,attacks,I-SYMPTOM
868,is,O
868,overwhelming,O
869,Sometimes,O
869,I,O
869,suffer,O
869,from,O
869,low,B-SYMPTOM
869,self-esteem,I-SYMPTOM
870,I,O
870,think,O
870,I,O
870,have,O
870,trouble,B-SYMPTOM
870,sleeping,I-SYMPTOM
870,and,O
870,it's,O
870,getting,O
870,worse,O
871,I,O
871,think,O
871,I,O
871,have,O
871,fatigue,B-SYMPTOM
871,and,O
871,it's,O
871,getting,O
871,worse,O
872,I,O
872,think,O
872,I,O
872,have,O
872,obsessive,B-SYMPTOM
872,thoughts,I-SYMPTOM
872,and,O
872,it's,O
872,getting,O
872,worse,O
873,I,O
873,have,O
873,been,O
873,experiencing,O
873,fatigue,B-SYMPTOM
873,lately,O
874,It's,O
874,hard,O
874,to,O
874,deal,O
874,with,O
874,obsessive,B-SYMPTOM
874,thoughts,I-SYMPTOM
875,Living,O
875,with,O
875,fear,B-SYMPTOM
875,is,O
875,exhausting,O
876,Living,O
876,with,O
876,obsessive,B-SYMPTOM
876,thoughts,I-SYMPTOM
876,is,O
876,exhausting,O
877,My,O
877,doctor,O
877,said,O
877,it,O
877,could,O
877,be,O
877,compulsive,B-SYMPTOM
877,behavior,I-SYMPTOM
878,I,O
878,think,O
878,I,O
878,have,O
878,depression,B-SYMPTOM
878,and,O
878,it's,O
878,getting,O
878,worse,O
879,Living,O
879,with,O
879,depression,B-SYMPTOM
879,is,O
879,exhausting,O
880,I,O
880,can't,O
880,sleep,O
880,because,O
880,of,O
880,compulsive,B-SYMPTOM
880,behavior,I-SYMPTOM
881,Sometimes,O
881,I,O
881,suffer,O
881,from,O
881,insomnia,B-SYMPTOM
882,I,O
882,have,O
882,been,O
882,experiencing,O
882,insomnia,B-SYMPTOM
882,lately,O
883,Living,O
883,with,O
883,compulsive,B-SYMPTOM
883,behavior,I-SYMPTOM
883,is,O
883,exhausting,O
884,anxiety,B-SYMPTOM
884,is,O
884,ruining,O
884,my,O
884,focus,O
884,and,O
884,peace,O
885,Living,O
885,with,O
885,hallucinations,B-SYMPTOM
885,is,O
885,exhausting,O
886,It's,O
886,hard,O
886,to,O
886,deal,O
886,with,O
886,fear,B-SYMPTOM
887,I,O
887,have,O
887,been,O
887,experiencing,O
887,insomnia,B-SYMPTOM
887,lately,O
888,social,B-SYMPTOM
888,withdrawal,I-SYMPTOM
888,is,O
888,ruining,O
888,my,O
888,focus,O
888,and,O
888,peace,O
889,It's,O
889,hard,O
889,to,O
889,deal,O
889,with,O
889,social,B-SYMPTOM
889,withdrawal,I-SYMPTOM
890,Recently,O
890,I,O
890,feel,O
890,fatigue,B-SYMPTOM
890,and,O
890,it,O
890,affects,O
890,my,O
890,daily,O
890,life,O
891,I,O
891,have,O
891,been,O
891,experiencing,O
891,mood,B-SYMPTOM
891,swings,I-SYMPTOM
891,lately,O
892,Living,O
892,with,O
892,insomnia,B-SYMPTOM
892,is,O
892,exhausting,O
893,I,O
893,have,O
893,been,O
893,experiencing,O
893,low,B-SYMPTOM
893,self-esteem,I-SYMPTOM
893,lately,O
894,I,O
894,have,O
894,been,O
894,experiencing,O
894,anxiety,B-SYMPTOM
894,lately,O
895,Recently,O
895,I,O
895,feel,O
895,paranoia,B-SYMPTOM
895,and,O
895,it,O
895,affects,O
895,my,O
895,daily,O
895,life,O
896,Sometimes,O
896,I,O
896,suffer,O
896,from,O
896,obsessive,B-SYMPTOM
896,thoughts,I-SYMPTOM
897,I,O
897,can't,O
897,sleep,O
897,because,O
897,of,O
897,obsessive,B-SYMPTOM
897,thoughts,I-SYMPTOM
898,Sometimes,O
898,I,O
898,suffer,O
898,from,O
898,social,B-SYMPTOM
898,withdrawal,I-SYMPTOM
899,Recently,O
899,I,O
899,feel,O
899,nervousness,B-SYMPTOM
899,and,O
899,it,O
899,affects,O
899,my,O
899,daily,O
899,life,O
900,The,O
900,constant,O
900,feeling,O
900,of,O
900,restlessness,B-SYMPTOM
900,is,O
900,overwhelming,O
901,I,O
901,think,O
901,I,O
901,have,O
901,fatigue,B-SYMPTOM
901,and,O
901,it's,O
901,getting,O
901,worse,O
902,It's,O
902,hard,O
902,to,O
902,deal,O
902,with,O
902,anxiety,B-SYMPTOM
903,Sometimes,O
903,I,O
903,suffer,O
903,from,O
903,delusions,B-SYMPTOM
904,I,O
904,have,O
904,been,O
904,experiencing,O
904,hallucinations,B-SYMPTOM
904,lately,O
905,Recently,O
905,I,O
905,feel,O
905,hallucinations,B-SYMPTOM
905,and,O
905,it,O
905,affects,O
905,my,O
905,daily,O
905,life,O
906,Living,O
906,with,O
906,hallucinations,B-SYMPTOM
906,is,O
906,exhausting,O
907,I,O
907,think,O
907,I,O
907,have,O
907,nervousness,B-SYMPTOM
907,and,O
907,it's,O
907,getting,O
907,worse,O
908,I,O
908,can't,O
908,sleep,O
908,because,O
908,of,O
908,irritability,B-SYMPTOM
909,Recently,O
909,I,O
909,feel,O
909,panic,B-SYMPTOM
909,attacks,I-SYMPTOM
909,and,O
909,it,O
909,affects,O
909,my,O
909,daily,O
909,life,O
910,Living,O
910,with,O
910,panic,B-SYMPTOM
910,attacks,I-SYMPTOM
910,is,O
910,exhausting,O
911,Recently,O
911,I,O
911,feel,O
911,delusions,B-SYMPTOM
911,and,O
911,it,O
911,affects,O
911,my,O
911,daily,O
911,life,O
912,Recently,O
912,I,O
912,feel,O
912,fear,B-SYMPTOM
912,and,O
912,it,O
912,affects,O
912,my,O
912,daily,O
912,life,O
913,The,O
913,constant,O
913,feeling,O
913,of,O
913,compulsive,B-SYMPTOM
913,behavior,I-SYMPTOM
913,is,O
913,overwhelming,O
914,Recently,O
914,I,O
914,feel,O
914,irritability,B-SYMPTOM
914,and,O
914,it,O
914,affects,O
914,my,O
914,daily,O
914,life,O
915,I,O
915,think,O
915,I,O
915,have,O
915,irritability,B-SYMPTOM
915,and,O
915,it's,O
915,getting,O
915,worse,O
916,The,O
916,constant,O
916,feeling,O
916,of,O
916,depression,B-SYMPTOM
916,is,O
916,overwhelming,O
917,I,O
917,have,O
917,been,O
917,experiencing,O
917,compulsive,B-SYMPTOM
917,behavior,I-SYMPTOM
917,lately,O
918,My,O
918,doctor,O
918,said,O
918,it,O
918,could,O
918,be,O
918,compulsive,B-SYMPTOM
918,behavior,I-SYMPTOM
919,Recently,O
919,I,O
919,feel,O
919,fear,B-SYMPTOM
919,and,O
919,it,O
919,affects,O
919,my,O
919,daily,O
919,life,O
920,fatigue,B-SYMPTOM
920,is,O
920,ruining,O
920,my,O
920,focus,O
920,and,O
920,peace,O
921,The,O
921,constant,O
921,feeling,O
921,of,O
921,restlessness,B-SYMPTOM
921,is,O
921,overwhelming,O
922,I,O
922,have,O
922,been,O
922,experiencing,O
922,depression,B-SYMPTOM
922,lately,O
923,My,O
923,doctor,O
923,said,O
923,it,O
923,could,O
923,be,O
923,restlessness,B-SYMPTOM
924,I,O
924,think,O
924,I,O
924,have,O
924,insomnia,B-SYMPTOM
924,and,O
924,it's,O
924,getting,O
924,worse,O
925,I,O
925,can't,O
925,sleep,O
925,because,O
925,of,O
925,compulsive,B-SYMPTOM
925,behavior,I-SYMPTOM
926,Recently,O
926,I,O
926,feel,O
926,paranoia,B-SYMPTOM
926,and,O
926,it,O
926,affects,O
926,my,O
926,daily,O
926,life,O
927,My,O
927,doctor,O
927,said,O
927,it,O
927,could,O
927,be,O
927,mood,B-SYMPTOM
927,swings,I-SYMPTOM
928,Recently,O
928,I,O
928,feel,O
928,panic,B-SYMPTOM
928,attacks,I-SYMPTOM
928,and,O
928,it,O
928,affects,O
928,my,O
928,daily,O
928,life,O
929,I,O
929,have,O
929,been,O
929,experiencing,O
929,nervousness,B-SYMPTOM
929,lately,O
930,Living,O
930,with,O
930,hallucinations,B-SYMPTOM
930,is,O
930,exhausting,O
931,The,O
931,constant,O
931,feeling,O
931,of,O
931,social,B-SYMPTOM
931,withdrawal,I-SYMPTOM
931,is,O
931,overwhelming,O
932,The,O
932,constant,O
932,feeling,O
932,of,O
932,compulsive,B-SYMPTOM
932,behavior,I-SYMPTOM
932,is,O
932,overwhelming,O
933,I,O
933,have,O
933,been,O
933,experiencing,O
933,restlessness,B-SYMPTOM
933,lately,O
934,The,O
934,constant,O
934,feeling,O
934,of,O
934,insomnia,B-SYMPTOM
934,is,O
934,overwhelming,O
935,Sometimes,O
935,I,O
935,suffer,O
935,from,O
935,social,B-SYMPTOM
935,withdrawal,I-SYMPTOM
936,Sometimes,O
936,I,O
936,suffer,O
936,from,O
936,panic,B-SYMPTOM
936,attacks,I-SYMPTOM
937,I,O
937,have,O
937,been,O
937,experiencing,O
937,fatigue,B-SYMPTOM
937,lately,O
938,It's,O
938,hard,O
938,to,O
938,deal,O
938,with,O
938,anxiety,B-SYMPTOM
939,I,O
939,have,O
939,been,O
939,experiencing,O
939,irritability,B-SYMPTOM
939,lately,O
940,The,O
940,constant,O
940,feeling,O
940,of,O
940,fatigue,B-SYMPTOM
940,is,O
940,overwhelming,O
941,My,O
941,doctor,O
941,said,O
941,it,O
941,could,O
941,be,O
941,anxiety,B-SYMPTOM
942,delusions,B-SYMPTOM
942,is,O
942,ruining,O
942,my,O
942,focus,O
942,and,O
942,peace,O
943,The,O
943,constant,O
943,feeling,O
943,of,O
943,fatigue,B-SYMPTOM
943,is,O
943,overwhelming,O
944,It's,O
944,hard,O
944,to,O
944,deal,O
944,with,O
944,fear,B-SYMPTOM
945,I,O
945,think,O
945,I,O
945,have,O
945,paranoia,B-SYMPTOM
945,and,O
945,it's,O
945,getting,O
945,worse,O
946,I,O
946,have,O
946,been,O
946,experiencing,O
946,nervousness,B-SYMPTOM
946,lately,O
947,Sometimes,O
947,I,O
947,suffer,O
947,from,O
947,obsessive,B-SYMPTOM
947,thoughts,I-SYMPTOM
948,I,O
948,have,O
948,been,O
948,experiencing,O
948,social,B-SYMPTOM
948,withdrawal,I-SYMPTOM
948,lately,O
949,Recently,O
949,I,O
949,feel,O
949,insomnia,B-SYMPTOM
949,and,O
949,it,O
949,affects,O
949,my,O
949,daily,O
949,life,O
950,I,O
950,have,O
950,been,O
950,experiencing,O
950,fatigue,B-SYMPTOM
950,lately,O
951,I,O
951,can't,O
951,sleep,O
951,because,O
951,of,O
951,hallucinations,B-SYMPTOM
952,I,O
952,think,O
952,I,O
952,have,O
952,low,B-SYMPTOM
952,self-esteem,I-SYMPTOM
952,and,O
952,it's,O
952,getting,O
952,worse,O
953,I,O
953,have,O
953,been,O
953,experiencing,O
953,panic,B-SYMPTOM
953,attacks,I-SYMPTOM
953,lately,O
954,It's,O
954,hard,O
954,to,O
954,deal,O
954,with,O
954,social,B-SYMPTOM
954,withdrawal,I-SYMPTOM
955,I,O
955,think,O
955,I,O
955,have,O
955,low,B-SYMPTOM
955,self-esteem,I-SYMPTOM
955,and,O
955,it's,O
955,getting,O
955,worse,O
956,My,O
956,doctor,O
956,said,O
956,it,O
956,could,O
956,be,O
956,nervousness,B-SYMPTOM
957,My,O
957,doctor,O
957,said,O
957,it,O
957,could,O
957,be,O
957,irritability,B-SYMPTOM
958,insomnia,B-SYMPTOM
958,is,O
958,ruining,O
958,my,O
958,focus,O
958,and,O
958,peace,O
959,nervousness,B-SYMPTOM
959,is,O
959,ruining,O
959,my,O
959,focus,O
959,and,O
959,peace,O
960,I,O
960,can't,O
960,sleep,O
960,because,O
960,of,O
960,insomnia,B-SYMPTOM
961,My,O
961,doctor,O
961,said,O
961,it,O
961,could,O
961,be,O
961,nervousness,B-SYMPTOM
962,I,O
962,have,O
962,been,O
962,experiencing,O
962,low,B-SYMPTOM
962,self-esteem,I-SYMPTOM
962,lately,O
963,I,O
963,think,O
963,I,O
963,have,O
963,compulsive,B-SYMPTOM
963,behavior,I-SYMPTOM
963,and,O
963,it's,O
963,getting,O
963,worse,O
964,I,O
964,have,O
964,been,O
964,experiencing,O
964,paranoia,B-SYMPTOM
964,lately,O
965,It's,O
965,hard,O
965,to,O
965,deal,O
965,with,O
965,fear,B-SYMPTOM
966,I,O
966,think,O
966,I,O
966,have,O
966,fear,B-SYMPTOM
966,and,O
966,it's,O
966,getting,O
966,worse,O
967,The,O
967,constant,O
967,feeling,O
967,of,O
967,nervousness,B-SYMPTOM
967,is,O
967,overwhelming,O
968,The,O
968,constant,O
968,feeling,O
968,of,O
968,trouble,B-SYMPTOM
968,sleeping,I-SYMPTOM
968,is,O
968,overwhelming,O
969,Sometimes,O
969,I,O
969,suffer,O
969,from,O
969,insomnia,B-SYMPTOM
970,My,O
970,doctor,O
970,said,O
970,it,O
970,could,O
970,be,O
970,fear,B-SYMPTOM
971,Sometimes,O
971,I,O
971,suffer,O
971,from,O
971,nervousness,B-SYMPTOM
972,I,O
972,have,O
972,been,O
972,experiencing,O
972,paranoia,B-SYMPTOM
972,lately,O
973,It's,O
973,hard,O
973,to,O
973,deal,O
973,with,O
973,fatigue,B-SYMPTOM
974,The,O
974,constant,O
974,feeling,O
974,of,O
974,low,B-SYMPTOM
974,self-esteem,I-SYMPTOM
974,is,O
974,overwhelming,O
975,Recently,O
975,I,O
975,feel,O
975,mood,B-SYMPTOM
975,swings,I-SYMPTOM
975,and,O
975,it,O
975,affects,O
975,my,O
975,daily,O
975,life,O
976,Recently,O
976,I,O
976,feel,O
976,insomnia,B-SYMPTOM
976,and,O
976,it,O
976,affects,O
976,my,O
976,daily,O
976,life,O
977,The,O
977,constant,O
977,feeling,O
977,of,O
977,depression,B-SYMPTOM
977,is,O
977,overwhelming,O
978,I,O
978,have,O
978,been,O
978,experiencing,O
978,restlessness,B-SYMPTOM
978,lately,O
979,Recently,O
979,I,O
979,feel,O
979,fear,B-SYMPTOM
979,and,O
979,it,O
979,affects,O
979,my,O
979,daily,O
979,life,O
980,I,O
980,have,O
980,been,O
980,experiencing,O
980,delusions,B-SYMPTOM
980,lately,O
981,I,O
981,think,O
981,I,O
981,have,O
981,obsessive,B-SYMPTOM
981,thoughts,I-SYMPTOM
981,and,O
981,it's,O
981,getting,O
981,worse,O
982,It's,O
982,hard,O
982,to,O
982,deal,O
982,with,O
982,fatigue,B-SYMPTOM
983,Sometimes,O
983,I,O
983,suffer,O
983,from,O
983,hallucinations,B-SYMPTOM
984,Living,O
984,with,O
984,low,B-SYMPTOM
984,self-esteem,I-SYMPTOM
984,is,O
984,exhausting,O
985,Sometimes,O
985,I,O
985,suffer,O
985,from,O
985,delusions,B-SYMPTOM
986,compulsive,B-SYMPTOM
986,behavior,I-SYMPTOM
986,is,O
986,ruining,O
986,my,O
986,focus,O
986,and,O
986,peace,O
987,My,O
987,doctor,O
987,said,O
987,it,O
987,could,O
987,be,O
987,trouble,B-SYMPTOM
987,sleeping,I-SYMPTOM
988,I,O
988,have,O
988,been,O
988,experiencing,O
988,anxiety,B-SYMPTOM
988,lately,O
989,I,O
989,have,O
989,been,O
989,experiencing,O
989,mood,B-SYMPTOM
989,swings,I-SYMPTOM
989,lately,O
990,My,O
990,doctor,O
990,said,O
990,it,O
990,could,O
990,be,O
990,paranoia,B-SYMPTOM
991,It's,O
991,hard,O
991,to,O
991,deal,O
991,with,O
991,anxiety,B-SYMPTOM
992,The,O
992,constant,O
992,feeling,O
992,of,O
992,restlessness,B-SYMPTOM
992,is,O
992,overwhelming,O
993,panic,B-SYMPTOM
993,attacks,I-SYMPTOM
993,is,O
993,ruining,O
993,my,O
993,focus,O
993,and,O
993,peace,O
994,The,O
994,constant,O
994,feeling,O
994,of,O
994,mood,B-SYMPTOM
994,swings,I-SYMPTOM
994,is,O
994,overwhelming,O
995,I,O
995,think,O
995,I,O
995,have,O
995,nervousness,B-SYMPTOM
995,and,O
995,it's,O
995,getting,O
995,worse,O
996,I,O
996,can't,O
996,sleep,O
996,because,O
996,of,O
996,irritability,B-SYMPTOM
997,I,O
997,have,O
997,been,O
997,experiencing,O
997,low,B-SYMPTOM
997,self-esteem,I-SYMPTOM
997,lately,O
998,My,O
998,doctor,O
998,said,O
998,it,O
998,could,O
998,be,O
998,panic,B-SYMPTOM
998,attacks,I-SYMPTOM
999,I,O
999,can't,O
999,sleep,O
999,because,O
999,of,O
999,compulsive,B-SYMPTOM
999,behavior,I-SYMPTOM
